performance_id,region,sales_manager,sales_rep,month,rev_target,rev_actual,rev_attainment,rev_variance,visit_target,visit_made,visit_attainment,call_target,calls_made,call_attainment,quote_target,quotes_made,quote_attainment,pipeline_value,pipeline_coverage,ytd_actual,status
367,Central,Derek Walsh,Frank Garcia,Apr,71600.0,91430.324460888,1.27695983883922,19830.324460888,18,14,0.777777777777778,21,20,95,6,4,0.666666666666667,177771.040552255,1.94433347579666,308877.661741304,✅ On Track
129,Central,Derek Walsh,Frank Garcia,Aug,71600.0,82027.7859394158,1.1456394684276,10427.7859394158,11,11,1.0,24,25,104,10,8,0.8,251614.883635237,3.06743478144193,640568.709921153,✅ On Track
177,Central,Derek Walsh,Frank Garcia,Dec,80550.0,80042.4765237573,0.993699274037956,-507.523476242684,17,20,1.17647058823529,27,30,111,7,7,1.0,190015.851228782,2.37393768260511,1017943.95977415,✅ On Track
175,Central,Derek Walsh,Frank Garcia,Feb,62650.0,66250.1790371193,1.05746494871699,3600.17903711928,15,17,1.13333333333333,31,31,100,10,7,0.7,192061.45413521,2.89903298265201,139571.548457482,✅ On Track
128,Central,Derek Walsh,Frank Garcia,Jan,62650.0,73321.3694203622,1.17033311125877,10671.3694203622,17,15,0.882352941176471,22,24,109,6,8,1.33333333333333,191523.243482766,2.61210674318881,73321.3694203622,✅ On Track
236,Central,Derek Walsh,Frank Garcia,Jul,71600.0,77396.079294177,1.08095082813096,5796.07929417703,12,14,1.16666666666667,38,27,71,6,6,1.0,165775.523064909,2.1419111223297,558540.923981737,✅ On Track
235,Central,Derek Walsh,Frank Garcia,Jun,80550.0,92238.204771071,1.14510496301764,11688.204771071,16,18,1.125,14,13,93,7,6,0.857142857142857,390958.255258353,4.23857181770488,481144.84468756,✅ On Track
176,Central,Derek Walsh,Frank Garcia,Mar,71600.0,77875.7888229342,1.08765068188456,6275.78882293419,12,12,1.0,14,11,79,8,7,0.875,141436.348083007,1.81617868943312,217447.337280416,✅ On Track
427,Central,Derek Walsh,Frank Garcia,May,80550.0,80028.9781751851,0.993531696774489,-521.021824814932,7,8,1.14285714285714,14,10,71,4,3,0.75,320271.677023379,4.00194634901245,388906.639916489,✅ On Track
238,Central,Derek Walsh,Frank Garcia,Nov,80550.0,101165.111896796,1.25592938419361,20615.1118967956,18,23,1.27777777777778,12,14,117,7,6,0.857142857142857,187218.130988041,1.85061952166902,937901.483250391,✅ On Track
237,Central,Derek Walsh,Frank Garcia,Oct,80550.0,117704.947279991,1.46126563972676,37154.9472799908,18,14,0.777777777777778,26,21,81,7,6,0.857142857142857,454140.708450356,3.85829753927053,836736.371353595,✅ On Track
368,Central,Derek Walsh,Frank Garcia,Sep,80550.0,78462.7141524518,0.974087078242728,-2087.28584754822,12,15,1.25,33,29,88,3,4,1.33333333333333,241049.080799029,3.07214813306961,719031.424073604,✅ On Track
239,Central,Derek Walsh,Isla Young,Apr,120160.0,121929.385213187,1.01472524311906,1769.38521318672,12,13,1.08333333333333,22,20,91,7,6,0.857142857142857,395536.311319432,3.24397855880155,562135.501437199,✅ On Track
132,Central,Derek Walsh,Isla Young,Aug,120160.0,158571.342225434,1.31966829415308,38411.3422254344,8,9,1.125,33,30,91,6,8,1.33333333333333,557831.168477804,3.5178561311839,1130593.13421188,✅ On Track
312,Central,Derek Walsh,Isla Young,Dec,135180.0,150853.633314263,1.1159463923233,15673.633314263,12,13,1.08333333333333,26,33,127,5,5,1.0,465552.769094897,3.08612234830992,1698178.35851877,✅ On Track
55,Central,Derek Walsh,Isla Young,Feb,105140.0,144296.731450516,1.37242468566213,39156.7314505159,15,12,0.8,19,24,126,9,10,1.11111111111111,431039.128447278,2.98717180988327,279137.522108314,✅ On Track
130,Central,Derek Walsh,Isla Young,Jan,105140.0,134840.790657798,1.2824880222351,29700.7906577982,8,7,0.875,16,18,112,7,8,1.14285714285714,263491.472413641,1.95409320227389,134840.790657798,✅ On Track
240,Central,Derek Walsh,Isla Young,Jul,120160.0,120892.242622269,1.0060938966567,732.242622268663,13,16,1.23076923076923,31,26,84,9,6,0.666666666666667,287275.7826081,2.37629624843425,972021.791986441,✅ On Track
178,Central,Derek Walsh,Isla Young,Jun,135180.0,154899.329555757,1.14587460834263,19719.3295557572,11,13,1.18181818181818,24,20,83,10,7,0.7,285296.899975915,1.84182139970606,851129.549364173,✅ On Track
428,Central,Derek Walsh,Isla Young,Mar,120160.0,161068.594115698,1.34045101627578,40908.5941156978,7,5,0.714285714285714,20,22,110,3,3,1.0,392390.657042495,2.43617111825435,440206.116224012,✅ On Track
131,Central,Derek Walsh,Isla Young,May,135180.0,134094.718371217,0.991971581381987,-1085.28162878307,10,8,0.8,30,21,70,9,8,0.888888888888889,579451.591788079,4.32121114706376,696230.219808416,✅ On Track
241,Central,Derek Walsh,Isla Young,Nov,135180.0,132165.128394964,0.977697354601004,-3014.87160503629,9,9,1.0,21,18,86,7,6,0.857142857142857,295035.967108455,2.23232838110493,1547324.7252045,✅ On Track
311,Central,Derek Walsh,Isla Young,Oct,135180.0,147724.883921111,1.09280133097434,12544.8839211112,18,22,1.22222222222222,29,37,128,6,5,0.833333333333333,336098.641246599,2.27516605412318,1415159.59680954,✅ On Track
369,Central,Derek Walsh,Isla Young,Sep,135180.0,136841.578676554,1.01229160139483,1661.57867655362,14,15,1.07142857142857,34,33,97,4,4,1.0,438437.244951487,3.20397681166629,1267434.71288843,✅ On Track
182,Central,Derek Walsh,Leo Brown,Apr,145280.0,115462.835707264,0.794760708337442,-29817.1642927364,10,8,0.8,33,40,121,7,7,1.0,247801.727070093,2.14616006572325,527241.944584401,🔴 Off Track
316,Central,Derek Walsh,Leo Brown,Aug,145280.0,164427.57086919,1.13179770697405,19147.57086919,13,9,0.692307692307692,18,14,78,7,5,0.714285714285714,358829.094134483,2.1822927398225,1142907.97340135,✅ On Track
479,Central,Derek Walsh,Leo Brown,Dec,163440.0,129615.890136045,0.793048764904825,-33824.1098639554,8,9,1.125,32,30,94,3,2,0.666666666666667,302007.822372529,2.33002158960249,1725880.3282841,🔴 Off Track
372,Central,Derek Walsh,Leo Brown,Feb,127120.0,144267.577442567,1.1348928370246,17147.5774425665,15,17,1.13333333333333,15,13,87,4,4,1.0,568132.945760216,3.93805008603816,283178.615157539,✅ On Track
93,Central,Derek Walsh,Leo Brown,Jan,127120.0,138911.037714972,1.09275517396926,11791.0377149723,7,6,0.857142857142857,18,23,128,8,9,1.125,312154.757280486,2.24715589499078,138911.037714972,✅ On Track
374,Central,Derek Walsh,Leo Brown,Jul,145280.0,113077.105106886,0.77833910453528,-32202.8948931145,17,15,0.882352941176471,26,19,73,6,4,0.666666666666667,234225.818576235,2.07138145564334,978480.402532157,🔴 Off Track
28,Central,Derek Walsh,Leo Brown,Jun,163440.0,145792.141558005,0.892022403071491,-17647.8584419955,17,16,0.941176470588235,13,12,92,10,11,1.1,411048.797758877,2.81941669397413,865403.297425272,⚠️ At Risk
248,Central,Derek Walsh,Leo Brown,Mar,145280.0,128600.493719599,0.885190623069925,-16679.5062804012,13,16,1.23076923076923,23,22,96,5,6,1.2,385448.734812186,2.99725703738448,411779.108877138,⚠️ At Risk
373,Central,Derek Walsh,Leo Brown,May,163440.0,192369.211282866,1.17700202693873,28929.2112828657,6,5,0.833333333333333,16,13,81,4,4,1.0,637903.249658251,3.316036102681,719611.155867267,✅ On Track
317,Central,Derek Walsh,Leo Brown,Nov,163440.0,172384.857766699,1.05472869411833,8944.85776669934,9,8,0.888888888888889,23,27,117,8,5,0.625,455846.918864542,2.64435591832243,1596264.43814805,✅ On Track
478,Central,Derek Walsh,Leo Brown,Oct,163440.0,149457.831378518,0.914450754885692,-13982.1686214825,7,6,0.857142857142857,36,48,133,3,2,0.666666666666667,586285.112070344,3.92274601245562,1423879.58038135,⚠️ At Risk
249,Central,Derek Walsh,Leo Brown,Sep,163440.0,131513.775601488,0.804660888408515,-31926.2243985123,9,11,1.22222222222222,34,26,76,7,6,0.857142857142857,427660.302242528,3.25182894557314,1274421.74900284,⚠️ At Risk
431,Central,Derek Walsh,Mia Kane,Apr,99040.0,97499.67805631,0.984447476335925,-1540.32194368997,18,18,1.0,24,28,117,3,3,1.0,250378.490857551,2.56799300109429,356330.425316423,✅ On Track
432,Central,Derek Walsh,Mia Kane,Aug,99040.0,120771.534491405,1.21942179413777,21731.5344914046,17,19,1.11764705882353,30,40,133,5,3,0.6,306754.228231247,2.53995471302949,817750.764737484,✅ On Track
433,Central,Derek Walsh,Mia Kane,Dec,111420.0,137860.630224768,1.23730596145008,26440.630224768,13,13,1.0,18,17,94,4,3,0.75,607474.904634719,4.40644224275118,1304039.58247583,✅ On Track
133,Central,Derek Walsh,Mia Kane,Feb,86660.0,81409.5579923144,0.939413316320267,-5250.44200768566,16,13,0.8125,29,36,124,10,8,0.8,273583.489022937,3.36058192391568,159759.794186385,⚠️ At Risk
57,Central,Derek Walsh,Mia Kane,Jan,86660.0,78350.236194071,0.904110733834191,-8309.76380592902,14,13,0.928571428571429,19,25,132,8,10,1.25,251619.974203629,3.21147690710688,78350.236194071,⚠️ At Risk
134,Central,Derek Walsh,Mia Kane,Jul,99040.0,104327.687738036,1.05338941577177,5287.68773803601,8,9,1.125,17,18,106,9,8,0.888888888888889,452876.935960972,4.34090839910239,696979.23024608,✅ On Track
375,Central,Derek Walsh,Mia Kane,Jun,111420.0,111233.989231073,0.99833054416687,-186.010768927372,17,14,0.823529411764706,22,26,118,5,4,0.8,284520.214764369,2.5578531951535,592651.542508044,✅ On Track
29,Central,Derek Walsh,Mia Kane,Mar,99040.0,99070.9530737279,1.00031253103522,30.9530737278838,11,10,0.909090909090909,21,24,114,9,11,1.22222222222222,404351.280699832,4.08143121827966,258830.747260113,✅ On Track
318,Central,Derek Walsh,Mia Kane,May,111420.0,125087.127960548,1.12266314809323,13667.1279605477,10,11,1.1,15,20,133,8,5,0.625,349715.031409681,2.79577153230331,481417.553276971,✅ On Track
183,Central,Derek Walsh,Mia Kane,Nov,111420.0,91674.8172876134,0.822786010479387,-19745.1827123867,15,17,1.13333333333333,37,33,89,6,7,1.16666666666667,402760.681677461,4.39336225142256,1166178.95225106,⚠️ At Risk
30,Central,Derek Walsh,Mia Kane,Oct,111420.0,127776.751948103,1.14680265614883,16356.7519481028,18,21,1.16666666666667,33,29,88,10,11,1.1,468983.922599384,3.67033842580272,1074504.13496344,✅ On Track
58,Central,Derek Walsh,Mia Kane,Sep,111420.0,128976.618277857,1.1575715156871,17556.6182778568,9,10,1.11111111111111,18,15,83,10,10,1.0,518303.456232064,4.01858463303381,946727.383015341,✅ On Track
430,Central,Derek Walsh,Olivia Chen,Apr,94720.0,67006.578331414,0.707417423262395,-27713.421668586,15,15,1.0,23,27,117,4,3,0.75,190723.727118592,2.84634332729653,279481.816563519,🔴 Off Track
477,Central,Derek Walsh,Olivia Chen,Aug,94720.0,78524.6717439055,0.829018916215219,-16195.3282560945,12,13,1.08333333333333,14,18,129,3,2,0.666666666666667,187989.797322249,2.39402207162794,617502.386594349,⚠️ At Risk
315,Central,Derek Walsh,Olivia Chen,Dec,106560.0,84241.8226793541,0.790557645264209,-22318.1773206459,16,16,1.0,23,20,87,6,5,0.833333333333333,255415.412718193,3.03193122601786,979539.317769716,🔴 Off Track
14,Central,Derek Walsh,Olivia Chen,Feb,82880.0,59832.0677096527,0.721912013871291,-23047.9322903474,16,12,0.75,20,15,75,10,12,1.2,122264.474715043,2.04346062897837,142741.735240539,🔴 Off Track
245,Central,Derek Walsh,Olivia Chen,Jan,82880.0,82909.6675308861,1.00035795766031,29.6675308860868,12,11,0.916666666666667,19,23,121,7,6,0.857142857142857,185428.042361251,2.23650688615021,82909.6675308861,✅ On Track
246,Central,Derek Walsh,Olivia Chen,Jul,94720.0,96174.5870241551,1.01535670422461,1454.5870241551,8,7,0.875,21,18,86,6,6,1.0,383899.402223488,3.99169275483417,538977.714850444,✅ On Track
6,Central,Derek Walsh,Olivia Chen,Jun,106560.0,75476.7284345422,0.708302631705538,-31083.2715654578,17,16,0.941176470588235,17,17,100,10,13,1.3,306566.02854995,4.0617291568993,442803.127826289,🔴 Off Track
476,Central,Derek Walsh,Olivia Chen,Mar,94720.0,69733.5029915658,0.736206746110281,-24986.4970084342,6,6,1.0,16,13,81,4,2,0.5,306410.242835956,4.3940176484898,212475.238232105,🔴 Off Track
92,Central,Derek Walsh,Olivia Chen,May,106560.0,87844.5828282279,0.824367331345983,-18715.4171717721,8,6,0.75,18,15,83,9,9,1.0,290708.802597368,3.30935378412375,367326.399391747,⚠️ At Risk
247,Central,Derek Walsh,Olivia Chen,Nov,106560.0,82855.7919015914,0.777550599677096,-23704.2080984086,16,13,0.8125,33,40,121,8,6,0.75,212515.400376065,2.56488285850278,895297.495090362,🔴 Off Track
314,Central,Derek Walsh,Olivia Chen,Oct,106560.0,101830.176376327,0.955613517045111,-4729.82362367296,18,14,0.777777777777778,23,29,126,6,5,0.833333333333333,228490.281124539,2.24383664308036,812441.703188771,✅ On Track
371,Central,Derek Walsh,Olivia Chen,Sep,106560.0,93109.1402180942,0.873771961506139,-13450.8597819058,15,17,1.13333333333333,32,36,112,6,4,0.666666666666667,392056.627398531,4.21072116529266,710611.526812444,⚠️ At Risk
179,Central,Derek Walsh,Paul Owen,Apr,167360.0,155529.670055047,0.929312082068874,-11830.3299449533,14,17,1.21428571428571,32,40,125,7,7,1.0,431871.036317135,2.77677587925366,555565.486266122,⚠️ At Risk
243,Central,Derek Walsh,Paul Owen,Aug,167360.0,164726.126955376,0.984262230851909,-2633.87304462455,9,11,1.22222222222222,33,30,91,6,6,1.0,628627.760989889,3.81619948583011,1247259.03706401,✅ On Track
181,Central,Derek Walsh,Paul Owen,Dec,188280.0,150012.489119936,0.796752119821201,-38267.5108800643,11,11,1.0,33,43,130,6,7,1.16666666666667,610925.003837513,4.07249427978677,1915282.37090649,🔴 Off Track
313,Central,Derek Walsh,Paul Owen,Feb,146440.0,117214.209525046,0.800424812380809,-29225.7904749544,10,8,0.8,31,34,110,5,5,1.0,362001.398519908,3.08837469438855,220454.087002932,⚠️ At Risk
429,Central,Derek Walsh,Paul Owen,Jan,146440.0,103239.877477886,0.704997797581848,-43200.1225221142,8,6,0.75,17,16,94,3,3,1.0,448307.312512218,4.34238516612194,103239.877477886,🔴 Off Track
56,Central,Derek Walsh,Paul Owen,Jul,167360.0,178649.294257185,1.06745515211033,11289.2942571846,9,6,0.666666666666667,31,41,132,8,10,1.25,397095.729397317,2.22276685193984,1082532.91010864,✅ On Track
475,Central,Derek Walsh,Paul Owen,Jun,188280.0,199506.191708783,1.05962498251956,11226.1917087828,7,6,0.857142857142857,25,24,96,3,2,0.666666666666667,376450.660249415,1.88691216560795,903883.615851453,✅ On Track
242,Central,Derek Walsh,Paul Owen,Mar,167360.0,179581.729208143,1.07302658465669,12221.7292081434,7,8,1.14285714285714,36,30,83,5,6,1.2,534188.845878426,2.97462803278432,400035.816211075,✅ On Track
370,Central,Derek Walsh,Paul Owen,May,188280.0,148811.937876549,0.790375705739054,-39468.062123451,15,12,0.8,28,27,96,5,4,0.8,616270.120448189,4.14126802756532,704377.424142671,🔴 Off Track
244,Central,Derek Walsh,Paul Owen,Nov,188280.0,163266.610019299,0.867147918096976,-25013.3899807014,13,11,0.846153846153846,26,33,127,7,6,0.857142857142857,532019.199798791,3.25859157445545,1765269.88178655,⚠️ At Risk
91,Central,Derek Walsh,Paul Owen,Oct,188280.0,170860.49590185,0.907480857774858,-17419.5040981497,10,7,0.7,25,19,76,8,9,1.125,458118.619415282,2.68124364849348,1602003.27176725,⚠️ At Risk
180,Central,Derek Walsh,Paul Owen,Sep,188280.0,183883.738801388,0.976650407910494,-4396.26119861211,6,7,1.16666666666667,17,21,124,8,7,0.875,550348.0082765,2.99291286909784,1431142.7758654,✅ On Track
135,Central,Derek Walsh,Yara Scott,Apr,143840.0,194598.844368451,1.35288406819001,50758.8443684506,17,20,1.17647058823529,16,17,106,8,8,1.0,556335.491731441,2.8588838414584,668611.735220015,✅ On Track
378,Central,Derek Walsh,Yara Scott,Aug,143840.0,160405.467554946,1.11516593127743,16565.467554946,12,15,1.25,29,37,128,6,4,0.666666666666667,692842.957496592,4.31932257707651,1428974.26975487,✅ On Track
31,Central,Derek Walsh,Yara Scott,Dec,161820.0,182156.638033972,1.12567444094656,20336.6380339722,9,10,1.11111111111111,15,14,93,10,11,1.1,361879.254450442,1.98663775504548,2174685.02642537,✅ On Track
94,Central,Derek Walsh,Yara Scott,Feb,125860.0,156591.961601584,1.24417576355938,30731.9616015837,17,14,0.823529411764706,16,15,94,9,9,1.0,292448.465850157,1.86758287500244,332559.792132353,✅ On Track
250,Central,Derek Walsh,Yara Scott,Jan,125860.0,175967.830530769,1.3981235541933,50107.830530769,8,10,1.25,14,11,79,7,6,0.857142857142857,367765.555386251,2.08995902419758,175967.830530769,✅ On Track
319,Central,Derek Walsh,Yara Scott,Jul,143840.0,200021.056321436,1.39058020245715,56181.056321436,18,21,1.16666666666667,25,32,128,8,5,0.625,800324.273958131,4.00120011701169,1268568.80219993,✅ On Track
136,Central,Derek Walsh,Yara Scott,Jun,161820.0,179051.575369401,1.10648606704611,17231.575369401,18,17,0.944444444444444,20,21,105,8,8,1.0,416291.73116065,2.32498223096781,1068547.74587849,✅ On Track
376,Central,Derek Walsh,Yara Scott,Mar,143840.0,141453.098719212,0.983405858726445,-2386.90128078818,16,20,1.25,26,30,115,5,4,0.8,550056.386998212,3.88861320097405,474012.890851565,✅ On Track
377,Central,Derek Walsh,Yara Scott,May,161820.0,220884.435289076,1.36500083604669,59064.4352890757,14,13,0.928571428571429,38,32,84,4,4,1.0,400989.243608305,1.81538026019589,889496.170509091,✅ On Track
380,Central,Derek Walsh,Yara Scott,Nov,161820.0,172475.763073905,1.06584948136142,10655.7630739052,12,13,1.08333333333333,20,15,75,6,4,0.666666666666667,709834.106644623,4.11555858048567,1992528.3883914,✅ On Track
379,Central,Derek Walsh,Yara Scott,Oct,161820.0,217203.210892858,1.34225195212494,55383.2108928577,11,10,0.909090909090909,37,35,95,4,4,1.0,401052.425044361,1.8464387492052,1820052.6253175,✅ On Track
137,Central,Derek Walsh,Yara Scott,Sep,161820.0,173875.144669765,1.07449724799014,12055.1446697651,11,12,1.09090909090909,18,21,117,10,8,0.8,667547.975699721,3.83923749980235,1602849.41442464,✅ On Track
251,Central,Derek Walsh,Zoe Davis,Apr,103680.0,79144.4704758598,0.763353303200808,-24535.5295241402,17,19,1.11764705882353,36,42,117,5,6,1.2,152239.345984244,1.92356263259957,331912.148582234,🔴 Off Track
434,Central,Derek Walsh,Zoe Davis,Aug,103680.0,99838.8827394225,0.962952186915726,-3841.11726057754,15,19,1.26666666666667,35,45,129,3,3,1.0,263868.42081563,2.64294244462171,724792.325976837,✅ On Track
480,Central,Derek Walsh,Zoe Davis,Dec,116640.0,92771.7002582077,0.795367800567624,-23868.2997417923,9,11,1.22222222222222,32,36,112,4,2,0.5,363062.700709707,3.913507025302,1125729.77902415,🔴 Off Track
320,Central,Derek Walsh,Zoe Davis,Feb,90720.0,74824.0952119623,0.824780590960784,-15895.9047880377,6,6,1.0,19,21,111,8,5,0.625,139273.88833492,1.86135078466881,149313.603539137,⚠️ At Risk
381,Central,Derek Walsh,Zoe Davis,Jan,90720.0,74489.5083271744,0.821092463923879,-16230.4916728257,14,17,1.21428571428571,29,24,83,3,4,1.33333333333333,299473.232456042,4.0203411081825,74489.5083271744,⚠️ At Risk
321,Central,Derek Walsh,Zoe Davis,Jul,103680.0,83767.1947790556,0.807939764458484,-19912.8052209444,8,9,1.125,14,18,129,6,5,0.833333333333333,349522.546103957,4.17254686665654,624953.443237414,⚠️ At Risk
382,Central,Derek Walsh,Zoe Davis,Jun,116640.0,105843.725960548,0.907439351513617,-10796.2740394518,8,6,0.75,17,12,71,5,4,0.8,270307.351807563,2.55383443236226,541186.248458359,⚠️ At Risk
95,Central,Derek Walsh,Zoe Davis,Mar,103680.0,103454.074567237,0.997820935254987,-225.925432762946,10,11,1.1,38,46,121,8,9,1.125,453836.877161821,4.3868439117578,252767.678106374,✅ On Track
138,Central,Derek Walsh,Zoe Davis,May,116640.0,103430.373915577,0.88674874756153,-13209.6260844231,17,14,0.823529411764706,15,12,80,9,8,0.888888888888889,433420.906743108,4.19046060006396,435342.52249781,⚠️ At Risk
97,Central,Derek Walsh,Zoe Davis,Nov,116640.0,112207.904571296,0.962001925336898,-4432.09542870426,9,8,0.888888888888889,20,15,75,10,9,0.9,244461.67029684,2.17864927814878,1032958.07876595,✅ On Track
96,Central,Derek Walsh,Zoe Davis,Oct,116640.0,90619.3249311031,0.77691465132976,-26020.6750688969,15,12,0.8,35,37,106,7,9,1.28571428571429,233233.590397601,2.57377320538336,920750.17419465,🔴 Off Track
435,Central,Derek Walsh,Zoe Davis,Sep,116640.0,105338.52328671,0.903108052869598,-11301.4767132902,14,10,0.714285714285714,33,31,94,5,3,0.6,295828.879788043,2.80836365042689,830130.849263547,⚠️ At Risk
157,East,Raj Patel,Bella Flynn,Apr,91360.0,81252.9398279889,0.889371057661875,-10107.0601720111,14,16,1.14285714285714,37,31,84,6,7,1.16666666666667,164340.454405215,2.0225785645802,281539.280927846,⚠️ At Risk
341,East,Raj Patel,Bella Flynn,Aug,91360.0,65626.6013633663,0.718329699686583,-25733.3986366337,14,11,0.785714285714286,14,10,71,5,4,0.8,174576.363594536,2.66014634260775,590156.457265205,🔴 Off Track
286,East,Raj Patel,Bella Flynn,Dec,102780.0,91510.9796192542,0.890357848017651,-11269.0203807458,18,17,0.944444444444444,35,45,129,8,5,0.625,407896.928392763,4.45735506372987,930233.823058247,⚠️ At Risk
217,East,Raj Patel,Bella Flynn,Feb,79940.0,59936.1338706885,0.749763996380891,-20003.8661293115,12,14,1.16666666666667,19,21,111,5,6,1.2,219411.440883062,3.66075398450691,127808.945313499,🔴 Off Track
75,East,Raj Patel,Bella Flynn,Jan,79940.0,67872.8114428101,0.849046928231299,-12067.1885571899,8,7,0.875,34,44,129,10,9,0.9,239883.79065832,3.53431345422382,67872.8114428101,⚠️ At Risk
284,East,Raj Patel,Bella Flynn,Jul,91360.0,71117.2641303427,0.778428898099198,-20242.7358696573,11,9,0.818181818181818,33,32,97,6,5,0.833333333333333,201548.668944496,2.83403293713746,524529.855901839,🔴 Off Track
340,East,Raj Patel,Bella Flynn,Jun,102780.0,77434.3998466994,0.753399492573452,-25345.6001533006,15,14,0.933333333333333,26,20,77,5,4,0.8,144140.756886137,1.86145637044387,453412.591771496,🔴 Off Track
218,East,Raj Patel,Bella Flynn,Mar,91360.0,72477.3957863582,0.793316503791136,-18882.6042136418,18,20,1.11111111111111,20,15,75,6,6,1.0,312341.758514995,4.30950581386347,200286.341099857,🔴 Off Track
3,East,Raj Patel,Bella Flynn,May,102780.0,94438.9109969507,0.918845213046806,-8341.08900304929,14,14,1.0,15,12,80,10,13,1.3,187915.659647171,1.98981180176081,375978.191924796,⚠️ At Risk
457,East,Raj Patel,Bella Flynn,Nov,102780.0,84464.3885381259,0.821797903659524,-18315.6114618741,10,11,1.1,33,36,109,4,2,0.5,174667.261413317,2.06793968957077,838722.843438993,⚠️ At Risk
42,East,Raj Patel,Bella Flynn,Oct,102780.0,65421.516876686,0.636519915126347,-37358.483123314,13,14,1.07692307692308,33,31,94,9,10,1.11111111111111,200883.32982069,3.0706003072252,754258.454900867,🔴 Off Track
285,East,Raj Patel,Bella Flynn,Sep,102780.0,98680.480758976,0.960113648170617,-4099.51924102397,16,15,0.9375,13,12,92,5,5,1.0,241535.006543371,2.44764724174088,688836.938024181,✅ On Track
344,East,Raj Patel,Ethan Mills,Apr,131760.0,94244.8290988767,0.715276480714,-37515.1709011233,18,20,1.11111111111111,23,22,96,6,4,0.666666666666667,300783.814391845,3.1915153039991,394798.856278684,🔴 Off Track
220,East,Raj Patel,Ethan Mills,Aug,131760.0,123552.809776967,0.937711063881047,-8207.19022303328,10,10,1.0,22,19,86,7,6,0.857142857142857,368757.858881803,2.98461734336493,860987.076104171,⚠️ At Risk
79,East,Raj Patel,Ethan Mills,Dec,148230.0,145823.576069549,0.983765607971049,-2406.42393045148,9,11,1.22222222222222,38,46,121,9,9,1.0,507563.261507227,3.48066667398934,1382666.85125637,✅ On Track
4,East,Raj Patel,Ethan Mills,Feb,115290.0,86246.6128498321,0.748084073638929,-29043.3871501679,9,11,1.22222222222222,34,42,124,10,13,1.3,354455.713275274,4.10979285519807,193634.37807515,🔴 Off Track
342,East,Raj Patel,Ethan Mills,Jan,115290.0,107387.765225318,0.931457760649817,-7902.23477468255,9,10,1.11111111111111,19,23,121,6,4,0.666666666666667,451044.552225304,4.20014841801519,107387.765225318,⚠️ At Risk
345,East,Raj Patel,Ethan Mills,Jul,131760.0,116630.473424954,0.885173599157208,-15129.5265750463,9,9,1.0,32,34,106,4,4,1.0,334898.055504969,2.87144556367132,737434.266327204,⚠️ At Risk
410,East,Raj Patel,Ethan Mills,Jun,148230.0,111113.328176972,0.749600810746622,-37116.6718230283,15,16,1.06666666666667,12,9,75,3,3,1.0,377785.87744245,3.40000505466585,620803.79290225,🔴 Off Track
343,East,Raj Patel,Ethan Mills,Mar,131760.0,106919.649104657,0.811472746695942,-24840.3508953426,16,20,1.25,32,39,122,4,4,1.0,293103.31594882,2.74134191800348,300554.027179807,⚠️ At Risk
76,East,Raj Patel,Ethan Mills,May,148230.0,114891.608446595,0.775090119723367,-33338.3915534053,11,13,1.18181818181818,17,19,112,8,9,1.125,320631.387540233,2.79072938289721,509690.464725278,🔴 Off Track
78,East,Raj Patel,Ethan Mills,Nov,148230.0,122363.458885378,0.82549726024002,-25866.5411146219,10,9,0.9,24,30,125,7,9,1.28571428571429,455598.804992624,3.72332401472402,1236843.27518682,⚠️ At Risk
77,East,Raj Patel,Ethan Mills,Oct,148230.0,140251.094965734,0.946172130916373,-7978.90503426609,13,9,0.692307692307692,16,16,100,9,9,1.0,510835.07843924,3.64228941359814,1114479.81630145,⚠️ At Risk
221,East,Raj Patel,Ethan Mills,Sep,148230.0,113241.645231541,0.763959017955483,-34988.3547684588,10,10,1.0,19,16,84,9,6,0.666666666666667,287094.035084594,2.53523369867669,974228.721335712,🔴 Off Track
45,East,Raj Patel,Grace Hayes,Apr,158800.0,176608.491952978,1.11214415587517,17808.4919529775,8,8,1.0,37,32,86,9,10,1.11111111111111,359590.028821829,2.03608572184383,604577.186198267,✅ On Track
460,East,Raj Patel,Grace Hayes,Aug,158800.0,153651.542125271,0.967578980637727,-5148.45787472895,15,14,0.933333333333333,14,10,71,4,2,0.5,524327.984146765,3.41244856312138,1371729.57080742,✅ On Track
349,East,Raj Patel,Grace Hayes,Dec,178650.0,217666.326085858,1.21839533213467,39016.3260858579,15,11,0.733333333333333,19,21,111,4,4,1.0,585148.611802754,2.68828266790309,2243801.61828908,✅ On Track
347,East,Raj Patel,Grace Hayes,Feb,138950.0,134829.30937724,0.970344076122636,-4120.69062275969,7,8,1.14285714285714,17,13,76,6,4,0.666666666666667,587090.535358416,4.35432427912087,266479.146868358,✅ On Track
81,East,Raj Patel,Grace Hayes,Jan,138950.0,131649.837491117,0.947461946679507,-7300.16250888255,18,14,0.777777777777778,18,17,94,7,9,1.28571428571429,249663.727411816,1.89642260233448,131649.837491117,⚠️ At Risk
413,East,Raj Patel,Grace Hayes,Jul,158800.0,197157.284785098,1.24154461451573,38357.2847850976,6,6,1.0,13,16,123,3,3,1.0,595848.913858289,3.02220085099958,1218078.02868215,✅ On Track
223,East,Raj Patel,Grace Hayes,Jun,178650.0,202932.120768688,1.13592007147321,24282.1207686884,10,10,1.0,19,20,105,9,6,0.666666666666667,744357.360298892,3.66801153745072,1020920.74389705,✅ On Track
162,East,Raj Patel,Grace Hayes,Mar,158800.0,161489.547376931,1.01693669632828,2689.54737693133,15,13,0.866666666666667,27,28,104,8,7,0.875,358168.39473384,2.21790450559529,427968.694245289,✅ On Track
222,East,Raj Patel,Grace Hayes,May,178650.0,213411.436930099,1.19457843229834,34761.4369300985,16,16,1.0,15,17,113,6,6,1.0,805087.492128942,3.77246647935107,817988.623128365,✅ On Track
348,East,Raj Patel,Grace Hayes,Nov,178650.0,236730.085933444,1.32510543483596,58080.0859334438,17,17,1.0,30,37,123,5,4,0.8,432241.933023624,1.82588508477604,2026135.29220323,✅ On Track
118,East,Raj Patel,Grace Hayes,Oct,178650.0,208732.243771286,1.16838647507017,30082.2437712855,13,11,0.846153846153846,13,9,69,7,8,1.14285714285714,698667.049129891,3.34719273125547,1789405.20626978,✅ On Track
163,East,Raj Patel,Grace Hayes,Sep,178650.0,208943.391691074,1.16956838338133,30293.3916910738,10,9,0.9,27,32,119,8,7,0.875,519838.658852093,2.48794017673784,1580672.9624985,✅ On Track
414,East,Raj Patel,Ian Grant,Apr,114560.0,114704.428423427,1.00126072296985,144.428423426536,16,13,0.8125,36,25,69,3,3,1.0,230999.054865975,2.01386344050512,406161.860122905,✅ On Track
415,East,Raj Patel,Ian Grant,Aug,114560.0,118536.800415431,1.03471369077716,3976.8004154313,14,18,1.28571428571429,33,43,130,3,3,1.0,443255.230834894,3.73938919627858,880585.560459846,✅ On Track
165,East,Raj Patel,Ian Grant,Dec,128880.0,144906.818909815,1.12435458496132,16026.8189098147,6,7,1.16666666666667,33,23,70,9,7,0.777777777777778,351118.923551721,2.42306694876965,1358049.76521391,✅ On Track
224,East,Raj Patel,Ian Grant,Feb,100240.0,99326.1699729616,0.99088357913968,-913.83002703845,12,13,1.08333333333333,34,39,115,7,6,0.857142857142857,320702.018651651,3.22877665311118,178211.582877969,✅ On Track
291,East,Raj Patel,Ian Grant,Jan,100240.0,78885.4129050073,0.786965412061126,-21354.5870949927,16,13,0.8125,12,9,75,4,5,1.25,157998.917639653,2.00289143228436,78885.4129050073,🔴 Off Track
293,East,Raj Patel,Ian Grant,Jul,114560.0,123593.774362455,1.07885627062199,9033.77436245524,10,11,1.1,37,49,132,5,5,1.0,474987.101060505,3.84313128643148,762048.760044415,✅ On Track
82,East,Raj Patel,Ian Grant,Jun,128880.0,115813.666203133,0.898616280285014,-13066.3337968674,11,9,0.818181818181818,38,31,82,8,9,1.125,477554.377472003,4.12347172081049,638454.98568196,⚠️ At Risk
292,East,Raj Patel,Ian Grant,Mar,114560.0,113245.84882151,0.988528708288318,-1314.1511784903,13,14,1.07692307692308,13,16,123,7,5,0.714285714285714,225804.165712352,1.99392885533711,291457.431699479,✅ On Track
350,East,Raj Patel,Ian Grant,May,128880.0,116479.459355922,0.903782273090642,-12400.5406440781,17,20,1.17647058823529,33,28,85,4,4,1.0,429982.610927601,3.69148872518131,522641.319478827,⚠️ At Risk
461,East,Raj Patel,Ian Grant,Nov,128880.0,105037.549809812,0.815002714228834,-23842.4501901879,15,15,1.0,26,33,127,4,2,0.5,292967.070165507,2.7891651194832,1213142.9463041,⚠️ At Risk
164,East,Raj Patel,Ian Grant,Oct,128880.0,97878.1236025896,0.759451610820838,-31001.8763974104,7,7,1.0,20,26,130,9,7,0.777777777777778,201376.271730631,2.05741859691008,1108105.39649429,🔴 Off Track
294,East,Raj Patel,Ian Grant,Sep,128880.0,129641.71243185,1.00591024543645,761.712431849766,12,14,1.16666666666667,13,15,115,7,5,0.714285714285714,321912.279173211,2.48309184701979,1010227.2728917,✅ On Track
280,East,Raj Patel,Kevin Taylor,Apr,152160.0,130290.430238978,0.856272543631558,-21869.5697610221,12,14,1.16666666666667,13,17,131,4,5,1.25,453307.742760019,3.4792098078774,490296.01594484,⚠️ At Risk
116,East,Raj Patel,Kevin Taylor,Aug,152160.0,100132.580206132,0.65807426528741,-52027.4197938677,14,15,1.07142857142857,17,17,100,9,8,0.888888888888889,211259.116649383,2.10979399726329,970649.94759944,🔴 Off Track
283,East,Raj Patel,Kevin Taylor,Dec,171180.0,118101.142656675,0.689923721560197,-53078.8573433254,8,6,0.75,22,15,68,6,5,0.833333333333333,273101.297638766,2.31243569279159,1478481.96706902,🔴 Off Track
214,East,Raj Patel,Kevin Taylor,Feb,133140.0,112851.673961947,0.847616598782835,-20288.3260380533,13,10,0.769230769230769,13,12,92,5,6,1.2,470453.075559669,4.16877356837706,211575.740747794,⚠️ At Risk
456,East,Raj Patel,Kevin Taylor,Jan,133140.0,98724.0667858474,0.741505684135853,-34415.9332141526,6,4,0.666666666666667,33,26,79,3,2,0.666666666666667,334295.188886851,3.38615699059486,98724.0667858474,🔴 Off Track
339,East,Raj Patel,Kevin Taylor,Jul,152160.0,114162.371499791,0.750278466744156,-37997.6285002093,17,19,1.11764705882353,12,9,75,5,4,0.8,423181.76409479,3.70684104171369,870517.367393308,🔴 Off Track
216,East,Raj Patel,Kevin Taylor,Jun,171180.0,115388.721015951,0.674078286107901,-55791.2789840495,8,9,1.125,24,27,112,6,6,1.0,269319.700388026,2.33402102057095,756354.995893517,🔴 Off Track
279,East,Raj Patel,Kevin Taylor,Mar,152160.0,148429.844958068,0.975485311238616,-3730.15504193222,13,12,0.923076923076923,35,32,91,8,5,0.625,388258.994213047,2.61577443756498,360005.585705862,✅ On Track
215,East,Raj Patel,Kevin Taylor,May,171180.0,150670.258932727,0.880186113639014,-20509.7410672735,15,11,0.733333333333333,13,10,77,7,6,0.857142857142857,582544.994412912,3.86635689444866,640966.274877566,⚠️ At Risk
282,East,Raj Patel,Kevin Taylor,Nov,171180.0,142668.677552456,0.833442443933029,-28511.3224475442,12,9,0.75,37,38,103,7,5,0.714285714285714,578166.531182986,4.05251202367393,1360380.82441235,⚠️ At Risk
74,East,Raj Patel,Kevin Taylor,Oct,171180.0,117785.182086118,0.688077941851374,-53394.8179138818,9,10,1.11111111111111,33,28,85,9,9,1.0,364413.973238822,3.09388640221639,1217712.14685989,🔴 Off Track
281,East,Raj Patel,Kevin Taylor,Sep,171180.0,129277.017174333,0.755210989451648,-41902.9828256669,14,13,0.928571428571429,30,34,113,6,5,0.833333333333333,525402.49751802,4.06416011911461,1099926.96477377,🔴 Off Track
23,East,Raj Patel,Noah Baker,Apr,169040.0,171055.791026841,1.01192493508543,2015.79102684074,9,10,1.11111111111111,25,21,84,8,11,1.375,512512.328277735,2.99617057803857,594607.552832063,✅ On Track
161,East,Raj Patel,Noah Baker,Aug,169040.0,123448.795126307,0.730293392843746,-45591.2048736932,7,7,1.0,16,16,100,7,7,1.0,509608.868245075,4.12809916632777,1175859.8992383,🔴 Off Track
346,East,Raj Patel,Noah Baker,Dec,190170.0,163381.042258232,0.859131525783415,-26788.9577417679,13,16,1.23076923076923,13,17,131,6,4,0.666666666666667,627140.912756448,3.83851702797452,1806417.68993274,⚠️ At Risk
159,East,Raj Patel,Noah Baker,Feb,147910.0,148603.159483421,1.00468635983653,693.159483420604,16,18,1.125,29,33,114,10,7,0.7,494315.608233235,3.3264138525156,294488.990181734,✅ On Track
459,East,Raj Patel,Noah Baker,Jan,147910.0,145885.830698314,0.986314858348412,-2024.16930168643,18,15,0.833333333333333,26,23,88,3,2,0.666666666666667,641136.481782177,4.39478240424886,145885.830698314,✅ On Track
411,East,Raj Patel,Noah Baker,Jul,169040.0,135245.264086131,0.800078467144645,-33794.7359138693,7,7,1.0,17,18,106,4,3,0.75,541548.413818248,4.0041950265509,1052411.10411199,⚠️ At Risk
289,East,Raj Patel,Noah Baker,Jun,190170.0,156095.454014283,0.820820602693817,-34074.5459857169,9,7,0.777777777777778,22,18,82,7,5,0.714285714285714,489876.13983887,3.13831138089419,917165.840025863,⚠️ At Risk
80,East,Raj Patel,Noah Baker,Mar,169040.0,129062.771623489,0.763504328108663,-39977.2283765115,15,15,1.0,16,14,88,7,9,1.28571428571429,315244.026037672,2.4425635841552,423551.761805223,🔴 Off Track
160,East,Raj Patel,Noah Baker,May,190170.0,166462.833179516,0.875336978385213,-23707.166820484,14,11,0.785714285714286,15,11,73,9,7,0.777777777777778,359628.879342481,2.16041546616386,761070.386011579,⚠️ At Risk
290,East,Raj Patel,Noah Baker,Nov,190170.0,151003.886554827,0.79404683469962,-39166.1134451733,13,16,1.23076923076923,35,40,114,7,5,0.714285714285714,577954.511509169,3.82741480828922,1643036.6476745,🔴 Off Track
412,East,Raj Patel,Noah Baker,Oct,190170.0,140156.460992823,0.737006157610679,-50013.5390071772,8,8,1.0,28,29,104,4,3,0.75,481012.159037586,3.43196564489609,1492032.76111968,🔴 Off Track
117,East,Raj Patel,Noah Baker,Sep,190170.0,176016.400888554,0.925573964813345,-14153.5991114462,14,14,1.0,38,41,108,9,8,0.888888888888889,763781.158461446,4.33926131091068,1351876.30012685,⚠️ At Risk
43,East,Raj Patel,Sam Walsh,Apr,119120.0,132599.333374393,1.11315760052378,13479.3333743927,13,11,0.846153846153846,13,10,77,8,10,1.25,532943.680498944,4.01920331676316,488573.875978242,✅ On Track
158,East,Raj Patel,Sam Walsh,Aug,119120.0,117785.304634034,0.988795371340106,-1334.69536596655,6,6,1.0,28,22,79,7,7,1.0,386083.850055091,3.27786094585125,1083966.58594718,✅ On Track
409,East,Raj Patel,Sam Walsh,Dec,134010.0,126812.214037994,0.946289187657589,-7197.78596200654,7,6,0.857142857142857,24,17,71,4,3,0.75,510173.084701363,4.02305951813532,1643452.13308552,⚠️ At Risk
219,East,Raj Patel,Sam Walsh,Feb,104230.0,107200.160413865,1.02849621427483,2970.16041386534,10,12,1.2,31,39,126,9,6,0.666666666666667,250441.633326015,2.33620577020725,205621.588807567,✅ On Track
287,East,Raj Patel,Sam Walsh,Jan,104230.0,98421.4283937015,0.944271595449501,-5808.57160629849,11,12,1.09090909090909,36,35,97,6,5,0.833333333333333,265236.364187208,2.69490464135737,98421.4283937015,⚠️ At Risk
407,East,Raj Patel,Sam Walsh,Jul,119120.0,129599.499479606,1.08797430724989,10479.4994796064,12,12,1.0,16,18,112,3,3,1.0,404945.441162013,3.12459108860783,966181.281313145,✅ On Track
44,East,Raj Patel,Sam Walsh,Jun,134010.0,194899.132336481,1.45436260231685,60889.1323364806,10,12,1.2,20,19,95,10,10,1.0,793630.792702884,4.07200782881235,836581.781833539,✅ On Track
11,East,Raj Patel,Sam Walsh,Mar,119120.0,150352.953796283,1.26219739587208,31232.9537962826,7,6,0.857142857142857,33,42,127,10,12,1.2,489176.777261776,3.25352289336846,355974.542603849,✅ On Track
406,East,Raj Patel,Sam Walsh,May,134010.0,153108.773518816,1.14251752495199,19098.773518816,18,16,0.888888888888889,23,20,87,3,3,1.0,645279.211754645,4.21451492899161,641682.649497058,✅ On Track
408,East,Raj Patel,Sam Walsh,Nov,134010.0,128407.214048172,0.958191284591982,-5602.78595182853,14,17,1.21428571428571,14,13,93,3,3,1.0,263363.830796413,2.05100494351986,1516639.91904753,✅ On Track
458,East,Raj Patel,Sam Walsh,Oct,134010.0,175790.485050433,1.31177139803323,41780.4850504332,7,6,0.857142857142857,38,40,105,3,2,0.666666666666667,554647.272276272,3.15516094125998,1388232.70499936,✅ On Track
288,East,Raj Patel,Sam Walsh,Sep,134010.0,128475.634001745,0.958701843159053,-5534.36599825526,11,10,0.909090909090909,29,39,134,6,5,0.833333333333333,291013.718397467,2.26512770813425,1212442.21994892,✅ On Track
295,East,Raj Patel,Tara Fisher,Apr,71360.0,77867.5891960611,1.09119379478785,6507.58919606105,9,11,1.22222222222222,20,20,100,5,5,1.0,257605.951179126,3.30825641115594,324639.448448303,✅ On Track
120,East,Raj Patel,Tara Fisher,Aug,71360.0,93271.3796693389,1.30705408729455,21911.3796693389,18,19,1.05555555555556,36,35,97,10,8,0.8,178551.358641166,1.91432097685439,674266.688781141,✅ On Track
416,East,Raj Patel,Tara Fisher,Dec,80280.0,95368.7298154918,1.18795129316756,15088.7298154918,8,10,1.25,25,25,100,6,3,0.5,186457.684353467,1.95512391445501,1040263.7441087,✅ On Track
166,East,Raj Patel,Tara Fisher,Feb,62440.0,70297.6597574425,1.1258433657502,7857.65975744247,11,13,1.18181818181818,38,31,82,10,7,0.7,216666.791826389,3.08213378046985,156141.373894963,✅ On Track
5,East,Raj Patel,Tara Fisher,Jan,62440.0,85843.7141375207,1.37481925268291,23403.7141375207,16,17,1.0625,16,11,69,10,13,1.3,363161.631704546,4.23049765906873,85843.7141375207,✅ On Track
296,East,Raj Patel,Tara Fisher,Jul,71360.0,100071.253280076,1.40234379596518,28711.2532800755,7,6,0.857142857142857,20,15,75,5,5,1.0,321360.279301834,3.21131462601376,580995.309111802,✅ On Track
13,East,Raj Patel,Tara Fisher,Jun,80280.0,74284.8682465132,0.92532222529289,-5995.13175348683,17,19,1.11764705882353,17,14,82,10,12,1.2,249467.93783744,3.35826048731196,480924.055831726,⚠️ At Risk
119,East,Raj Patel,Tara Fisher,Mar,71360.0,90630.4853572789,1.27004603919954,19270.4853572789,16,18,1.125,33,23,70,7,8,1.14285714285714,314925.855934191,3.4748336025423,246771.859252242,✅ On Track
12,East,Raj Patel,Tara Fisher,May,80280.0,81999.7391369097,1.02142176304073,1719.7391369097,7,7,1.0,13,11,85,10,12,1.2,149205.131212356,1.81958055943614,406639.187585213,✅ On Track
352,East,Raj Patel,Tara Fisher,Nov,80280.0,106685.316373748,1.32891525129232,26405.3163737475,13,11,0.846153846153846,33,40,121,5,4,0.8,374199.395256349,3.50750607464506,944895.014293209,✅ On Track
351,East,Raj Patel,Tara Fisher,Oct,80280.0,79813.8736255012,0.994193742220992,-466.126374498781,12,14,1.16666666666667,26,20,77,6,4,0.666666666666667,214254.77070091,2.68443017446097,838209.697919462,✅ On Track
46,East,Raj Patel,Tara Fisher,Sep,80280.0,84129.1355128203,1.04794638157474,3849.13551282031,18,20,1.11111111111111,20,22,110,9,10,1.11111111111111,225346.249162916,2.67857559440363,758395.824293961,✅ On Track
101,North,James Harrington,Aaron Nelson,Apr,64880.0,67351.8830173367,1.03809930667905,2471.88301733666,7,6,0.857142857142857,17,14,82,10,8,0.8,276667.064946428,4.10778515093948,225452.784681953,✅ On Track
192,North,James Harrington,Aaron Nelson,Aug,64880.0,56823.5572401605,0.87582548150679,-8056.44275983946,7,8,1.14285714285714,12,15,125,9,6,0.666666666666667,131375.113141197,2.31198326049792,460849.007375358,⚠️ At Risk
439,North,James Harrington,Aaron Nelson,Dec,72990.0,75009.4537250041,1.02766753973153,2019.45372500407,9,9,1.0,36,26,72,3,2,0.666666666666667,180001.81521811,2.39972171878526,692472.992126837,✅ On Track
190,North,James Harrington,Aaron Nelson,Feb,56770.0,59729.8105829536,1.05213687833281,2959.81058295354,16,14,0.875,20,16,80,9,6,0.666666666666667,257925.450290403,4.31820305092366,112777.04830227,✅ On Track
387,North,James Harrington,Aaron Nelson,Jan,56770.0,53047.2377193162,0.934423775221353,-3722.76228068379,8,9,1.125,15,14,93,3,3,1.0,114356.009110407,2.15573918693915,53047.2377193162,⚠️ At Risk
191,North,James Harrington,Aaron Nelson,Jul,64880.0,61607.4739326388,0.949560325718847,-3272.52606736121,12,11,0.916666666666667,29,21,72,7,6,0.857142857142857,204807.403387769,3.32439216079049,404025.450135198,⚠️ At Risk
388,North,James Harrington,Aaron Nelson,Jun,72990.0,54707.7852366871,0.749524390145048,-18282.2147633129,14,15,1.07142857142857,28,36,129,4,3,0.75,175946.995067521,3.21612352439979,342417.976202559,🔴 Off Track
258,North,James Harrington,Aaron Nelson,Mar,64880.0,45323.8533623462,0.698579737397445,-19556.1466376538,12,15,1.25,26,19,73,6,5,0.833333333333333,97747.1566287233,2.15663826831478,158100.901664616,🔴 Off Track
324,North,James Harrington,Aaron Nelson,May,72990.0,62257.4062839191,0.852958025536636,-10732.5937160809,9,11,1.22222222222222,17,13,76,6,4,0.666666666666667,227460.722045981,3.65355281600824,287710.190965872,⚠️ At Risk
261,North,James Harrington,Aaron Nelson,Nov,72990.0,50753.6287803058,0.695350442256553,-22236.3712196942,9,7,0.777777777777778,14,17,121,9,5,0.555555555555556,220355.971310416,4.34167913912635,617463.538401833,🔴 Off Track
260,North,James Harrington,Aaron Nelson,Oct,72990.0,54467.4469375153,0.746231633614404,-18522.5530624847,12,9,0.75,21,21,100,6,5,0.833333333333333,236801.678562059,4.34758175527699,566709.909621528,🔴 Off Track
259,North,James Harrington,Aaron Nelson,Sep,72990.0,51393.455308654,0.704116390034992,-21596.544691346,10,8,0.8,33,28,85,7,5,0.714285714285714,143092.626218127,2.78425774952774,512242.462684012,🔴 Off Track
389,North,James Harrington,Alice Jones,Apr,157680.0,129862.748341998,0.823584147272944,-27817.2516580023,15,13,0.866666666666667,26,29,112,3,3,1.0,325591.139144485,2.50719427473559,513164.354544176,⚠️ At Risk
263,North,James Harrington,Alice Jones,Aug,157680.0,111985.15267785,0.710205179336946,-45694.8473221504,15,11,0.733333333333333,16,20,125,6,5,0.833333333333333,402040.8184402,3.59012609106102,1074993.23929658,🔴 Off Track
104,North,James Harrington,Alice Jones,Dec,177390.0,143444.085989245,0.808636822759149,-33945.9140107546,14,12,0.857142857142857,35,28,80,7,8,1.14285714285714,271803.744188989,1.89484106168983,1704164.48289971,⚠️ At Risk
193,North,James Harrington,Alice Jones,Feb,137970.0,117061.390849556,0.848455395010188,-20908.6091504443,12,12,1.0,24,28,117,7,6,0.857142857142857,319712.83281241,2.73115525530784,265282.979506489,⚠️ At Risk
325,North,James Harrington,Alice Jones,Jan,137970.0,148221.588656933,1.0743030271576,10251.5886569334,16,12,0.75,15,16,107,4,4,1.0,656055.386052038,4.4261796948521,148221.588656933,✅ On Track
16,North,James Harrington,Alice Jones,Jul,157680.0,123732.783036077,0.784708162329257,-33947.2169639228,15,18,1.2,26,30,115,8,11,1.375,251155.868893806,2.0298247782932,963008.086618734,🔴 Off Track
262,North,James Harrington,Alice Jones,Jun,177390.0,147082.761906178,0.829149117234217,-30307.2380938222,9,9,1.0,29,37,128,4,5,1.25,422953.503213624,2.87561572635834,839275.303582656,⚠️ At Risk
102,North,James Harrington,Alice Jones,Mar,157680.0,118018.626695689,0.748469220545971,-39661.3733043112,14,12,0.857142857142857,13,10,77,8,8,1.0,298781.754428211,2.53164913703512,383301.606202178,🔴 Off Track
61,North,James Harrington,Alice Jones,May,177390.0,179028.187132303,1.00923494634592,1638.18713230314,7,8,1.14285714285714,21,21,100,10,9,0.9,771539.796365478,4.30959955928786,692192.541676479,✅ On Track
103,North,James Harrington,Alice Jones,Nov,177390.0,194558.512481097,1.09678399279045,17168.512481097,17,16,0.941176470588235,21,26,124,9,8,0.888888888888889,400786.101217787,2.05997720740555,1560720.39691047,✅ On Track
195,North,James Harrington,Alice Jones,Oct,177390.0,125484.4840586,0.707393224300127,-51905.5159414004,12,14,1.16666666666667,21,17,81,5,6,1.2,459892.898122185,3.66493835132175,1366161.88442937,🔴 Off Track
194,North,James Harrington,Alice Jones,Sep,177390.0,165684.161074188,0.934010716918585,-11705.8389258122,6,4,0.666666666666667,37,33,89,6,6,1.0,742583.974391614,4.48192494428668,1240677.40037077,⚠️ At Risk
443,North,James Harrington,Ben King,Apr,180400.0,146653.778166102,0.81293668606487,-33746.2218338976,10,8,0.8,33,41,124,3,2,0.666666666666667,605133.991794534,4.12627618164157,636669.690160485,⚠️ At Risk
145,North,James Harrington,Ben King,Aug,180400.0,184760.318108621,1.02417027776397,4360.31810862047,18,20,1.11111111111111,22,26,118,8,7,0.875,440088.78153624,2.38194427267392,1377598.78632763,✅ On Track
268,North,James Harrington,Ben King,Dec,202950.0,201332.92323781,0.992032142093174,-1617.07676219035,16,15,0.9375,20,23,115,5,5,1.0,440341.040681657,2.18712882920563,2128295.72688728,✅ On Track
144,North,James Harrington,Ben King,Feb,157850.0,152634.803201437,0.966961059242554,-5215.19679856292,9,10,1.11111111111111,33,28,85,7,7,1.0,307451.908284001,2.01429753788359,288469.976549865,✅ On Track
393,North,James Harrington,Ben King,Jan,157850.0,135835.173348428,0.860533248960583,-22014.8266515721,15,14,0.933333333333333,16,18,112,3,3,1.0,455763.162288153,3.35526617335765,135835.173348428,⚠️ At Risk
199,North,James Harrington,Ben King,Jul,180400.0,190166.469842832,1.0541378594392,9766.46984283155,17,18,1.05882352941177,28,26,93,5,6,1.2,582127.288362772,3.06114578897051,1192838.46821901,✅ On Track
64,North,James Harrington,Ben King,Jun,202950.0,176431.694286767,0.869335768843396,-26518.3057132329,13,13,1.0,35,43,123,8,9,1.125,402057.518183048,2.27882818791931,1002671.99837618,⚠️ At Risk
394,North,James Harrington,Ben King,Mar,180400.0,201545.935444518,1.11721693705387,21145.9354445178,17,22,1.29411764705882,31,27,87,3,3,1.0,781983.220681305,3.87992553140111,490015.911994383,✅ On Track
198,North,James Harrington,Ben King,May,202950.0,189570.613928928,0.93407545665892,-13379.3860710722,11,10,0.909090909090909,24,19,79,7,6,0.857142857142857,426149.947338432,2.24797471773869,826240.304089413,⚠️ At Risk
267,North,James Harrington,Ben King,Nov,202950.0,181862.043088641,0.896092845965219,-21087.9569113588,10,9,0.9,28,19,68,5,5,1.0,814693.614176366,4.47973420038659,1926962.80364947,⚠️ At Risk
444,North,James Harrington,Ben King,Oct,202950.0,199408.688587085,0.98255081836455,-3541.31141291463,9,8,0.888888888888889,17,12,71,3,2,0.666666666666667,612374.562273499,3.07095225695777,1745100.76056083,✅ On Track
200,North,James Harrington,Ben King,Sep,202950.0,168093.285646109,0.828249744499184,-34856.7143538906,9,11,1.22222222222222,36,30,83,9,6,0.666666666666667,413523.897030385,2.46008575203287,1545692.07197374,⚠️ At Risk
440,North,James Harrington,Emily Jensen,Apr,155040.0,156141.953804722,1.0071075451801,1101.95380472206,6,5,0.833333333333333,37,43,116,4,2,0.5,318333.232162175,2.03874246738514,648169.152027854,✅ On Track
62,North,James Harrington,Emily Jensen,Aug,155040.0,188443.018043029,1.2154477427956,33403.0180430293,11,9,0.818181818181818,16,11,69,8,9,1.125,620720.873311295,3.29394466166721,1373348.7760094,✅ On Track
391,North,James Harrington,Emily Jensen,Dec,174420.0,192502.478556277,1.10367204767961,18082.4785562771,18,20,1.11111111111111,35,36,103,3,3,1.0,524865.855815784,2.72654076847297,2201319.45537638,✅ On Track
105,North,James Harrington,Emily Jensen,Feb,135660.0,161998.5086393,1.1941508819055,26338.5086392998,13,11,0.846153846153846,20,22,110,10,8,0.8,374844.652838995,2.31387718311414,306172.576116201,✅ On Track
143,North,James Harrington,Emily Jensen,Jan,135660.0,144174.067476901,1.06276033817559,8514.06747690079,12,9,0.75,21,22,105,6,7,1.16666666666667,594993.314573186,4.12690940184866,144174.067476901,✅ On Track
17,North,James Harrington,Emily Jensen,Jul,155040.0,146440.489185887,0.944533598980181,-8599.51081411267,9,8,0.888888888888889,22,22,100,10,11,1.1,362483.242616869,2.47529385234942,1184905.75796637,⚠️ At Risk
326,North,James Harrington,Emily Jensen,Jun,174420.0,186006.508192313,1.06642878220567,11586.5081923128,10,8,0.8,29,33,114,6,4,0.666666666666667,390838.847364937,2.10121060366795,1038465.26878048,✅ On Track
390,North,James Harrington,Emily Jensen,Mar,155040.0,185854.622106931,1.19875272256793,30814.6221069312,18,18,1.0,31,28,90,4,3,0.75,552836.208848017,2.97456260479733,492027.198223132,✅ On Track
264,North,James Harrington,Emily Jensen,May,174420.0,204289.608560316,1.17125105240406,29869.6085603159,7,5,0.714285714285714,14,16,114,7,5,0.714285714285714,448582.763636679,2.19581782352006,852458.76058817,✅ On Track
106,North,James Harrington,Emily Jensen,Nov,174420.0,193885.534720039,1.11160150624951,19465.5347200391,8,7,0.875,14,14,100,7,8,1.14285714285714,439551.610839213,2.26706758435539,2008816.9768201,✅ On Track
327,North,James Harrington,Emily Jensen,Oct,174420.0,217615.801069945,1.24765394490279,43195.801069945,14,11,0.785714285714286,28,34,121,7,4,0.571428571428571,747707.695945813,3.43590719180125,1814931.44210006,✅ On Track
35,North,James Harrington,Emily Jensen,Sep,174420.0,223966.865020719,1.2840664202541,49546.8650207193,9,10,1.11111111111111,37,45,122,9,10,1.11111111111111,983984.053061275,4.39343584583481,1597315.64103012,✅ On Track
329,North,James Harrington,Hannah Nash,Apr,88480.0,117848.604519156,1.33192364962879,29368.6045191555,10,9,0.9,16,12,75,5,4,0.8,435349.055534202,3.69413840164258,365712.602123762,✅ On Track
63,North,James Harrington,Hannah Nash,Aug,88480.0,78558.6129891151,0.887868591649131,-9921.38701088489,11,11,1.0,16,21,131,8,9,1.125,255011.215566309,3.24612675635761,760405.110250724,⚠️ At Risk
197,North,James Harrington,Hannah Nash,Dec,99540.0,124827.78145252,1.25404642809444,25287.7814525201,6,5,0.833333333333333,32,23,72,6,6,1.0,510649.909680884,4.09083541931822,1209337.52011377,✅ On Track
196,North,James Harrington,Hannah Nash,Feb,77420.0,100447.933838421,1.29744166673238,23027.9338384206,10,8,0.8,18,24,133,8,6,0.75,251790.900223469,2.50668073101929,168084.460389493,✅ On Track
107,North,James Harrington,Hannah Nash,Jan,77420.0,67636.5265510725,0.873631187691456,-9783.4734489275,16,12,0.75,24,23,96,9,8,0.888888888888889,238900.988878646,3.53212976864286,67636.5265510725,⚠️ At Risk
441,North,James Harrington,Hannah Nash,Jul,88480.0,95915.8334518648,1.08403970899486,7435.83345186479,7,7,1.0,21,17,81,3,2,0.666666666666667,382731.098334281,3.99028069256526,681846.497261609,✅ On Track
266,North,James Harrington,Hannah Nash,Jun,99540.0,97716.7055231279,0.981682796093309,-1823.29447687206,12,13,1.08333333333333,14,17,121,8,5,0.625,305686.505629196,3.12829320219811,585930.663809744,✅ On Track
328,North,James Harrington,Hannah Nash,Mar,88480.0,79779.5372151133,0.901667464004444,-8700.46278488675,6,5,0.833333333333333,22,23,105,4,4,1.0,353985.584978497,4.43704735995183,247863.997604606,⚠️ At Risk
265,North,James Harrington,Hannah Nash,May,99540.0,122501.356162854,1.23067466508795,22961.3561628544,6,6,1.0,29,25,86,6,5,0.833333333333333,403213.112713684,3.2914991747328,488213.958286616,✅ On Track
108,North,James Harrington,Hannah Nash,Nov,99540.0,115663.50085672,1.16198011710588,16123.5008567197,8,9,1.125,37,39,105,7,8,1.14285714285714,214702.328178375,1.85626689999935,1084509.73866125,✅ On Track
392,North,James Harrington,Hannah Nash,Oct,99540.0,121484.206689233,1.22045616525249,21944.2066892329,13,14,1.07692307692308,12,10,83,3,3,1.0,269730.217566876,2.22029039755653,968846.237804529,✅ On Track
442,North,James Harrington,Hannah Nash,Sep,99540.0,86956.9208645722,0.873587712121481,-12583.0791354278,6,7,1.16666666666667,35,41,117,3,2,0.666666666666667,307541.609532204,3.53671227631407,847362.031115296,⚠️ At Risk
252,North,James Harrington,Jack Zhang,Apr,165280.0,181402.393552962,1.09754594356826,16122.3935529624,12,12,1.0,28,30,107,7,5,0.714285714285714,336622.608482243,1.85566795392897,588928.64736857,✅ On Track
254,North,James Harrington,Jack Zhang,Aug,165280.0,170583.190475352,1.03208609919743,5303.19047535153,12,11,0.916666666666667,34,27,79,7,5,0.714285714285714,520370.447778854,3.05053766627753,1242419.44331124,✅ On Track
437,North,James Harrington,Jack Zhang,Dec,185940.0,170118.430636848,0.914910350848921,-15821.5693631517,8,6,0.75,13,12,92,3,2,0.666666666666667,411836.447859918,2.42088083177222,2024945.63715703,⚠️ At Risk
436,North,James Harrington,Jack Zhang,Feb,144620.0,159622.002772843,1.10373394255873,15002.0027728431,9,8,0.888888888888889,23,25,109,3,2,0.666666666666667,516492.23168926,3.23572078233022,284780.201607783,✅ On Track
100,North,James Harrington,Jack Zhang,Jan,144620.0,125158.19883494,0.865428010198724,-19461.8011650606,9,11,1.22222222222222,33,26,79,7,8,1.14285714285714,476370.0736584,3.80614356944082,125158.19883494,⚠️ At Risk
187,North,James Harrington,Jack Zhang,Jul,165280.0,150147.497238282,0.908443231112549,-15132.5027617178,8,7,0.875,22,17,77,5,6,1.2,622120.532946638,4.14339595657289,1071836.25283589,⚠️ At Risk
253,North,James Harrington,Jack Zhang,Jun,185940.0,186609.38367013,1.00359999822593,669.383670129842,17,18,1.05882352941177,21,17,81,4,5,1.25,735758.292362697,3.94277221162308,921688.75559761,✅ On Track
1,North,James Harrington,Jack Zhang,Mar,165280.0,122746.052207825,0.742655204548794,-42533.9477921753,10,12,1.2,35,47,134,10,13,1.3,308405.304881093,2.51254764885573,407526.253815607,🔴 Off Track
140,North,James Harrington,Jack Zhang,May,185940.0,146150.72455891,0.786010135306605,-39789.2754410899,10,7,0.7,13,17,131,9,7,0.777777777777778,646159.927595057,4.42118867043046,735079.37192748,🔴 Off Track
141,North,James Harrington,Jack Zhang,Nov,185940.0,199794.080935059,1.0745083410512,13854.0809350594,7,6,0.857142857142857,35,24,69,7,7,1.0,674095.188872088,3.37394974724599,1854827.20652018,✅ On Track
34,North,James Harrington,Jack Zhang,Oct,185940.0,209087.56708271,1.12448944327584,23147.5670827096,16,13,0.8125,14,14,100,10,10,1.0,441204.422851703,2.11014183677968,1655033.12558513,✅ On Track
33,North,James Harrington,Jack Zhang,Sep,185940.0,203526.115191172,1.09457951592542,17586.1151911718,17,16,0.941176470588235,38,49,129,10,10,1.0,710265.233183644,3.48979899958535,1445945.55850242,✅ On Track
188,North,James Harrington,Julia Evans,Apr,179760.0,183892.981855227,1.0229916658613,4132.98185522738,16,15,0.9375,23,29,126,6,6,1.0,708630.807582547,3.85349566053819,667969.480090549,✅ On Track
386,North,James Harrington,Julia Evans,Aug,179760.0,193396.926386113,1.07586185128011,13636.926386113,8,9,1.125,23,19,83,3,3,1.0,358756.451277313,1.85502664381058,1396567.57474959,✅ On Track
323,North,James Harrington,Julia Evans,Dec,202230.0,215353.286604282,1.06489287743798,13123.286604282,10,11,1.1,25,25,100,6,4,0.666666666666667,623868.898100044,2.89695554656856,2268554.24105934,✅ On Track
255,North,James Harrington,Julia Evans,Feb,157290.0,130228.228168667,0.827949826236039,-27061.7718313334,11,8,0.727272727272727,18,21,117,5,5,1.0,463875.049438366,3.56201613092342,296122.963148918,⚠️ At Risk
322,North,James Harrington,Julia Evans,Jan,157290.0,165894.734980251,1.05470617954257,8604.73498025109,6,6,1.0,25,21,84,6,4,0.666666666666667,375578.986056074,2.26395964947763,165894.734980251,✅ On Track
256,North,James Harrington,Julia Evans,Jul,179760.0,186364.522833142,1.03674078122576,6604.52283314167,18,21,1.16666666666667,19,20,105,4,5,1.25,416686.765632848,2.23586957055084,1203170.64836348,✅ On Track
438,North,James Harrington,Julia Evans,Jun,202230.0,154033.759582818,0.761676109295446,-48196.240417182,13,14,1.07692307692308,28,32,114,3,2,0.666666666666667,658555.195894255,4.27539519698716,1016806.12553034,🔴 Off Track
385,North,James Harrington,Julia Evans,Mar,179760.0,187953.535086404,1.04558041325325,8193.53508640404,7,8,1.14285714285714,15,17,113,5,3,0.6,382217.235056541,2.03357300452387,484076.498235322,✅ On Track
142,North,James Harrington,Julia Evans,May,202230.0,194802.885856968,0.963273925020858,-7427.11414303188,11,12,1.09090909090909,22,26,118,9,7,0.777777777777778,445096.069366127,2.28485357087027,862772.365947517,✅ On Track
257,North,James Harrington,Julia Evans,Nov,202230.0,223968.342498925,1.10749316371916,21738.3424989251,12,14,1.16666666666667,31,26,84,5,5,1.0,414355.293733505,1.85006188423926,2053200.95445506,✅ On Track
60,North,James Harrington,Julia Evans,Oct,202230.0,210340.068878141,1.04010319378006,8110.06887814141,6,5,0.833333333333333,31,35,113,8,9,1.125,836063.735849235,3.97481915979404,1829232.61195614,✅ On Track
189,North,James Harrington,Julia Evans,Sep,202230.0,222324.968328405,1.09936690069923,20094.9683284053,8,10,1.25,21,25,119,7,6,0.857142857142857,695787.576530502,3.12959710176468,1618892.543078,✅ On Track
7,North,James Harrington,Nina Ingram,Apr,118400.0,95313.4833017967,0.805012527886797,-23086.5166982033,8,10,1.25,29,26,90,10,12,1.2,389311.604469607,4.08453862961766,426480.673435281,⚠️ At Risk
139,North,James Harrington,Nina Ingram,Aug,118400.0,97672.6676382939,0.824938071269374,-20727.3323617061,17,15,0.882352941176471,34,39,115,6,7,1.16666666666667,363457.048559781,3.72117458597274,832903.66908216,⚠️ At Risk
32,North,James Harrington,Nina Ingram,Dec,133200.0,144793.714984015,1.0870399022824,11593.7149840153,15,16,1.06666666666667,26,21,81,8,10,1.25,395653.601869169,2.73253298261494,1361341.54666681,✅ On Track
184,North,James Harrington,Nina Ingram,Feb,103600.0,108398.719056384,1.04631968201143,4798.71905638411,11,13,1.18181818181818,27,35,130,5,6,1.2,405365.862431933,3.73958166628408,206544.622372623,✅ On Track
98,North,James Harrington,Nina Ingram,Jan,103600.0,98145.9033162385,0.947354279114271,-5454.09668376151,9,11,1.22222222222222,13,14,108,10,8,0.8,283738.107865918,2.89098269289629,98145.9033162385,⚠️ At Risk
99,North,James Harrington,Nina Ingram,Jul,118400.0,95487.9808615378,0.806486324844069,-22912.0191384622,6,7,1.16666666666667,35,43,123,10,8,0.8,391946.793599577,4.10467149963008,735231.001443866,⚠️ At Risk
15,North,James Harrington,Nina Ingram,Jun,133200.0,109348.54297558,0.820935007324172,-23851.4570244204,12,11,0.916666666666667,37,35,95,9,11,1.22222222222222,354594.722811586,3.24279330261196,639743.020582329,⚠️ At Risk
383,North,James Harrington,Nina Ingram,Mar,118400.0,124622.567760862,1.05255547095323,6222.56776086208,8,8,1.0,25,19,76,4,3,0.75,282913.754113423,2.27016469967386,331167.190133485,✅ On Track
384,North,James Harrington,Nina Ingram,May,133200.0,103913.804171468,0.780133664950958,-29286.1958285324,11,9,0.818181818181818,14,14,100,3,3,1.0,200421.634578306,1.92872964450027,530394.477606749,🔴 Off Track
186,North,James Harrington,Nina Ingram,Nov,133200.0,145828.586582483,1.0948092085772,12628.5865824825,12,15,1.25,38,41,108,7,6,0.857142857142857,529583.164860058,3.63154561990162,1216547.8316828,✅ On Track
185,North,James Harrington,Nina Ingram,Oct,133200.0,101307.083695471,0.760563691407443,-31892.9163045286,10,12,1.2,22,26,118,5,6,1.2,252604.810085333,2.49345653700448,1070719.24510032,🔴 Off Track
59,North,James Harrington,Nina Ingram,Sep,133200.0,136508.492322683,1.02483853095107,3308.49232268299,12,10,0.833333333333333,36,47,131,10,9,0.9,580253.208778945,4.25067480349372,969412.161404843,✅ On Track
448,South,Sofia Mendez,Carlos Xu,Apr,93760.0,89375.6176950897,0.953238243335001,-4384.38230491027,17,18,1.05882352941177,33,23,70,3,2,0.666666666666667,234525.219951528,2.62404026959147,379736.605733503,✅ On Track
109,South,Sofia Mendez,Carlos Xu,Aug,93760.0,121163.703167403,1.29227499111992,27403.7031674032,9,7,0.777777777777778,25,30,120,10,8,0.8,533213.092561917,4.40076589459481,815305.155533002,✅ On Track
66,South,Sofia Mendez,Carlos Xu,Dec,105480.0,95417.894688799,0.904606510132717,-10062.105311201,17,20,1.17647058823529,20,24,120,8,9,1.125,216611.344640965,2.27013334707743,1293839.57351216,⚠️ At Risk
269,South,Sofia Mendez,Carlos Xu,Feb,82040.0,86596.2579070051,1.05553702958319,4556.25790700504,11,14,1.27272727272727,19,13,68,5,5,1.0,343622.818263139,3.96810239343313,191035.640789996,✅ On Track
332,South,Sofia Mendez,Carlos Xu,Jan,82040.0,104439.382882991,1.27303002051427,22399.3828829905,14,11,0.785714285714286,33,33,100,4,4,1.0,219419.674907408,2.10092848933469,104439.382882991,✅ On Track
202,South,Sofia Mendez,Carlos Xu,Jul,93760.0,110310.8529376,1.17652360215017,16550.8529376003,16,13,0.8125,27,25,93,5,6,1.2,448189.302513792,4.06296652213649,694141.452365599,✅ On Track
271,South,Sofia Mendez,Carlos Xu,Jun,105480.0,94566.0703111394,0.896530814478,-10913.9296888606,10,9,0.9,15,18,120,4,5,1.25,215148.767324585,2.27511586995956,583830.599427998,⚠️ At Risk
147,South,Sofia Mendez,Carlos Xu,Mar,93760.0,99325.3472484174,1.05935737253005,5565.34724841735,16,12,0.75,22,19,86,9,7,0.777777777777778,375943.329472708,3.78496869014166,290360.988038413,✅ On Track
270,South,Sofia Mendez,Carlos Xu,May,105480.0,109527.923383356,1.03837621713459,4047.92338335631,8,6,0.75,21,23,110,7,5,0.714285714285714,470927.310966834,4.29960960109279,489264.529116859,✅ On Track
333,South,Sofia Mendez,Carlos Xu,Nov,105480.0,105340.241539726,0.998675024077795,-139.758460274214,12,9,0.75,14,11,79,6,4,0.666666666666667,210806.511670497,2.00119639550093,1198421.67882336,✅ On Track
449,South,Sofia Mendez,Carlos Xu,Oct,105480.0,141289.021056199,1.33948635813613,35809.0210561994,18,20,1.11111111111111,15,15,100,3,2,0.666666666666667,631673.665158532,4.47079086850829,1093081.43728364,✅ On Track
397,South,Sofia Mendez,Carlos Xu,Sep,105480.0,136487.260694437,1.29396341196849,31007.2606944365,13,16,1.23076923076923,36,31,86,3,3,1.0,567985.606005622,4.16145509196796,951792.416227438,✅ On Track
207,South,Sofia Mendez,David Ortiz,Apr,169760.0,192744.623301374,1.13539481209575,22984.6233013743,16,15,0.9375,14,15,107,10,6,0.6,449941.409762735,2.33439149718438,587285.124312967,✅ On Track
68,South,Sofia Mendez,David Ortiz,Aug,169760.0,130226.279538885,0.767119931308228,-39533.7204611153,18,20,1.11111111111111,27,22,81,7,9,1.28571428571429,366835.552016974,2.81690879380025,1217919.77773088,🔴 Off Track
404,South,Sofia Mendez,David Ortiz,Dec,190980.0,175280.062999129,0.917792768871759,-15699.9370008716,9,8,0.888888888888889,35,27,77,5,3,0.6,447639.724374973,2.55385419605422,1842830.46187156,⚠️ At Risk
67,South,Sofia Mendez,David Ortiz,Feb,148540.0,145062.981147237,0.976592036806493,-3477.01885276352,16,13,0.8125,14,13,93,9,9,1.0,334569.608167703,2.3063748278282,261476.525101791,✅ On Track
452,South,Sofia Mendez,David Ortiz,Jan,148540.0,116413.543954555,0.78371848629699,-32126.4560454451,14,10,0.714285714285714,27,28,104,3,2,0.666666666666667,485196.611768524,4.16787081027216,116413.543954555,🔴 Off Track
111,South,Sofia Mendez,David Ortiz,Jul,169760.0,138922.3981266,0.818345889058672,-30837.6018733998,6,4,0.666666666666667,30,30,100,8,8,1.0,358843.620174575,2.58305086158649,1087693.49819199,⚠️ At Risk
9,South,Sofia Mendez,David Ortiz,Jun,190980.0,173016.468556106,0.905940247963691,-17963.5314438943,9,9,1.0,26,24,92,9,12,1.33333333333333,627191.501728325,3.62503932118427,948771.100065392,⚠️ At Risk
273,South,Sofia Mendez,David Ortiz,Mar,169760.0,133063.975909801,0.783835861862637,-36696.0240901987,14,15,1.07142857142857,17,13,76,6,5,0.833333333333333,473111.184080094,3.55551666666565,394540.501011593,🔴 Off Track
110,South,Sofia Mendez,David Ortiz,May,190980.0,188469.507196319,0.986854682146397,-2510.49280368103,18,22,1.22222222222222,16,11,69,8,8,1.0,438446.727524937,2.32635365819803,775754.631509286,✅ On Track
403,South,Sofia Mendez,David Ortiz,Nov,190980.0,152465.538663511,0.798332488551215,-38514.461336489,17,18,1.05882352941177,35,47,134,5,3,0.6,491935.276157894,3.22653420878004,1667550.39887243,🔴 Off Track
112,South,Sofia Mendez,David Ortiz,Oct,190980.0,150633.959898303,0.78874206669967,-40346.040101697,14,11,0.785714285714286,17,19,112,10,8,0.8,463489.462068602,3.07692543156614,1515084.86020892,🔴 Off Track
208,South,Sofia Mendez,David Ortiz,Sep,190980.0,146531.122579743,0.767258993505827,-44448.8774202573,16,14,0.875,27,28,104,9,6,0.666666666666667,500312.624174179,3.41437788345549,1364450.90031062,🔴 Off Track
337,South,Sofia Mendez,Diana Adams,Apr,98400.0,106466.081021517,1.08197236810485,8066.08102151679,16,13,0.8125,21,19,90,4,4,1.0,376815.994092464,3.53930557485543,396265.977596973,✅ On Track
454,South,Sofia Mendez,Diana Adams,Aug,98400.0,110737.540641614,1.12538151058551,12337.540641614,10,8,0.8,26,27,104,4,2,0.5,475094.127054567,4.29027161251612,876227.323523794,✅ On Track
73,South,Sofia Mendez,Diana Adams,Dec,110700.0,119404.815130543,1.07863428302207,8704.81513054286,7,6,0.857142857142857,34,43,126,8,9,1.125,455963.949427863,3.81863954924571,1300546.22246142,✅ On Track
211,South,Sofia Mendez,Diana Adams,Feb,86100.0,76100.1334108038,0.883857530903644,-9999.86658919623,14,14,1.0,28,23,82,8,6,0.75,175100.979637941,2.30092868159259,166114.839868572,⚠️ At Risk
210,South,Sofia Mendez,Diana Adams,Jan,86100.0,90014.7064577686,1.04546697395782,3914.70645776857,12,9,0.75,15,14,93,6,6,1.0,321759.956970769,3.57452653719119,90014.7064577686,✅ On Track
338,South,Sofia Mendez,Diana Adams,Jul,98400.0,131983.171113715,1.34129238936703,33583.1711137152,12,10,0.833333333333333,27,23,85,4,4,1.0,590010.649451103,4.47034757895578,765489.78288218,✅ On Track
114,South,Sofia Mendez,Diana Adams,Jun,110700.0,121298.946526786,1.09574477440638,10598.9465267863,11,8,0.727272727272727,17,17,100,9,8,0.888888888888889,417945.300455562,3.44558062887436,633506.611768465,✅ On Track
212,South,Sofia Mendez,Diana Adams,Mar,98400.0,123685.056706884,1.25696195840329,25285.0567068837,6,5,0.833333333333333,20,15,75,6,6,1.0,434997.593424028,3.51697775791065,289799.896575456,✅ On Track
213,South,Sofia Mendez,Diana Adams,May,110700.0,115941.687644706,1.04735038522769,5241.68764470567,6,6,1.0,29,36,124,8,6,0.75,469370.190001737,4.04832980730871,512207.665241679,✅ On Track
455,South,Sofia Mendez,Diana Adams,Nov,110700.0,100826.358962895,0.910807217370322,-9873.64103710531,13,9,0.692307692307692,20,14,70,4,2,0.5,229087.96113022,2.27210387726613,1181141.40733088,⚠️ At Risk
115,South,Sofia Mendez,Diana Adams,Oct,110700.0,104303.461908879,0.942217361417155,-6396.53809112097,16,13,0.8125,37,28,76,10,8,0.8,224768.70425192,2.15494960702533,1080315.04836798,⚠️ At Risk
156,South,Sofia Mendez,Diana Adams,Sep,110700.0,99784.2629353098,0.901393522450856,-10915.7370646902,7,7,1.0,13,12,92,7,7,1.0,356934.569847045,3.57706274864651,976011.586459104,⚠️ At Risk
445,South,Sofia Mendez,George Vargas,Apr,149120.0,170472.296867475,1.14318868607481,21352.296867475,14,13,0.928571428571429,29,37,128,3,2,0.666666666666667,577832.894517832,3.38959998272938,549588.818974718,✅ On Track
8,South,Sofia Mendez,George Vargas,Aug,149120.0,148387.09267937,0.995085117216807,-732.907320629718,6,7,1.16666666666667,18,21,117,9,12,1.33333333333333,380224.409316576,2.56238195958291,1099617.03898656,✅ On Track
201,South,Sofia Mendez,George Vargas,Dec,167760.0,167491.798240883,0.998401277067733,-268.20175911719,16,14,0.875,22,28,127,7,6,0.857142857142857,574199.738695091,3.4282260070388,1738067.48082611,✅ On Track
146,South,Sofia Mendez,George Vargas,Feb,130480.0,122408.040359849,0.938136422132506,-8071.95964015064,13,15,1.15384615384615,27,19,70,10,7,0.7,334504.877907128,2.73270348029236,266584.006916854,⚠️ At Risk
36,South,Sofia Mendez,George Vargas,Jan,130480.0,144175.966557004,1.10496602204939,13695.9665570042,13,16,1.23076923076923,26,21,81,10,10,1.0,376278.242846731,2.60985413749911,144175.966557004,✅ On Track
395,South,Sofia Mendez,George Vargas,Jul,149120.0,133968.428075131,0.898393428615414,-15151.5719248694,11,10,0.909090909090909,22,18,82,3,3,1.0,279007.747140173,2.08263805994427,951229.946307189,⚠️ At Risk
446,South,Sofia Mendez,George Vargas,Jun,167760.0,128536.187607787,0.766190913255763,-39223.8123922132,9,11,1.22222222222222,18,15,83,3,2,0.666666666666667,323105.355514593,2.51373065848593,817261.518232059,🔴 Off Track
330,South,Sofia Mendez,George Vargas,Mar,149120.0,112532.515190389,0.754644012811086,-36587.4848096108,12,14,1.16666666666667,22,27,123,6,4,0.666666666666667,440583.810029293,3.9151689561358,379116.522107243,🔴 Off Track
331,South,Sofia Mendez,George Vargas,May,167760.0,139136.511649554,0.829378347934871,-28623.4883504461,9,10,1.11111111111111,20,14,70,3,4,1.33333333333333,538582.758340547,3.87089450465085,688725.330624272,⚠️ At Risk
447,South,Sofia Mendez,George Vargas,Nov,167760.0,127776.73331093,0.761663884781416,-39983.2666890696,12,13,1.08333333333333,23,26,113,3,2,0.666666666666667,353832.287012069,2.76914488141638,1570575.68258523,🔴 Off Track
396,South,Sofia Mendez,George Vargas,Oct,167760.0,159745.624163418,0.952227134975069,-8014.37583658251,13,9,0.692307692307692,12,10,83,4,3,0.75,710634.478878985,4.44853799658397,1442798.94927429,✅ On Track
65,South,Sofia Mendez,George Vargas,Sep,167760.0,183436.286124318,1.09344471938673,15676.2861243175,11,10,0.909090909090909,34,38,112,8,9,1.125,720083.659891496,3.92552463367844,1283053.32511088,✅ On Track
399,South,Sofia Mendez,Henry Lopez,Apr,119120.0,109235.156693168,0.917017769418806,-9884.84330683187,18,14,0.777777777777778,36,29,81,5,3,0.6,322303.185354031,2.95054445025745,480033.630052893,⚠️ At Risk
150,South,Sofia Mendez,Henry Lopez,Aug,119120.0,106155.770985725,0.891166646958736,-12964.2290142754,8,6,0.75,32,23,72,6,7,1.16666666666667,342453.890946517,3.22595642014196,1009536.53118965,⚠️ At Risk
18,South,Sofia Mendez,Henry Lopez,Dec,134010.0,154834.631787081,1.15539610317947,20824.6317870807,10,8,0.8,28,30,107,10,11,1.1,331026.93451749,2.13793859097814,1630626.10530106,✅ On Track
334,South,Sofia Mendez,Henry Lopez,Feb,104230.0,119999.1238534,1.15129160369759,15769.1238534002,10,10,1.0,32,26,81,6,4,0.666666666666667,394669.533266697,3.28893679047902,228623.687290114,✅ On Track
398,South,Sofia Mendez,Henry Lopez,Jan,104230.0,108624.563436714,1.04216217439043,4394.56343671396,13,11,0.846153846153846,26,23,88,4,3,0.75,397596.793254325,3.66028438389048,108624.563436714,✅ On Track
149,South,Sofia Mendez,Henry Lopez,Jul,119120.0,154853.776354879,1.29998133273069,35733.7763548794,14,13,0.928571428571429,36,36,100,6,7,1.16666666666667,532898.896571216,3.44130384879971,903380.760203929,✅ On Track
148,South,Sofia Mendez,Henry Lopez,Jun,134010.0,151049.464019175,1.12715069039009,17039.4640191754,15,13,0.866666666666667,30,39,130,10,7,0.7,586132.856167472,3.88040341601651,748526.98384905,✅ On Track
37,South,Sofia Mendez,Henry Lopez,Mar,119120.0,142174.786069611,1.19354252912702,23054.7860696108,9,9,1.0,15,13,87,9,10,1.11111111111111,303437.902594442,2.1342596038504,370798.473359725,✅ On Track
400,South,Sofia Mendez,Henry Lopez,May,134010.0,117443.889776981,0.876381537026949,-16566.1102230186,10,7,0.7,19,15,79,3,3,1.0,351138.258585092,2.98983846032247,597477.519829875,⚠️ At Risk
151,South,Sofia Mendez,Henry Lopez,Nov,134010.0,152435.343748441,1.13749230466712,18425.3437484409,13,12,0.923076923076923,26,34,131,8,7,0.875,374203.392594923,2.45483352740332,1475791.47351398,✅ On Track
204,South,Sofia Mendez,Henry Lopez,Oct,134010.0,168139.799439661,1.25468098977435,34129.7994396605,15,11,0.733333333333333,31,25,81,7,6,0.857142857142857,733587.691222996,4.36296280635362,1323356.12976554,✅ On Track
203,South,Sofia Mendez,Henry Lopez,Sep,134010.0,145679.799136225,1.08708155463193,11669.7991362248,12,14,1.16666666666667,21,25,119,7,6,0.857142857142857,526182.888069144,3.61191387679709,1155216.33032588,✅ On Track
275,South,Sofia Mendez,Karen Lane,Apr,132800.0,182623.535533035,1.37517722539936,49823.5355330345,18,20,1.11111111111111,23,24,104,5,5,1.0,398365.171202714,2.18134628726785,600945.367537141,✅ On Track
21,South,Sofia Mendez,Karen Lane,Aug,132800.0,157745.317366491,1.1878412452296,24945.317366491,12,9,0.75,38,51,134,10,11,1.1,430354.962544984,2.72816315393462,1178405.12302377,✅ On Track
276,South,Sofia Mendez,Karen Lane,Dec,149400.0,164266.734076739,1.09950959890722,14866.7340767388,10,12,1.2,21,18,86,4,5,1.25,553476.66547472,3.3693776684947,1853425.50096309,✅ On Track
274,South,Sofia Mendez,Karen Lane,Feb,116200.0,156189.768792534,1.34414603091682,39989.7687925344,16,15,0.9375,32,39,122,8,5,0.625,616027.996639298,3.94409954891196,286551.54444017,✅ On Track
2,South,Sofia Mendez,Karen Lane,Jan,116200.0,130361.775647635,1.12187414498826,14161.7756476353,15,18,1.2,21,16,76,10,13,1.3,561851.341037066,4.3099393073299,130361.775647635,✅ On Track
71,South,Sofia Mendez,Karen Lane,Jul,132800.0,129393.480199103,0.974348495475176,-3406.51980089667,13,11,0.846153846153846,35,27,77,8,9,1.125,346733.238110429,2.67968090491805,1020659.80565728,✅ On Track
70,South,Sofia Mendez,Karen Lane,Jun,149400.0,143986.157287451,0.96376276631493,-5413.84271254941,16,12,0.75,15,15,100,9,9,1.0,376278.379540701,2.61329551832895,891266.325458179,✅ On Track
39,South,Sofia Mendez,Karen Lane,Mar,132800.0,131770.287563937,0.992246141294706,-1029.7124360631,14,10,0.714285714285714,28,27,96,9,10,1.11111111111111,537673.118238662,4.0803820662361,418321.832004107,✅ On Track
69,South,Sofia Mendez,Karen Lane,May,149400.0,146334.800633587,0.979483270639806,-3065.19936641294,6,6,1.0,24,17,71,7,9,1.28571428571429,321963.172558922,2.20018185124055,747280.168170728,✅ On Track
453,South,Sofia Mendez,Karen Lane,Nov,149400.0,176621.593937678,1.1822061173874,27221.5939376779,11,10,0.909090909090909,37,36,97,4,2,0.5,598753.504149054,3.39003567344279,1689158.76688635,✅ On Track
40,South,Sofia Mendez,Karen Lane,Oct,149400.0,141029.098257353,0.943969867853767,-8370.9017426472,9,8,0.888888888888889,26,27,104,9,10,1.11111111111111,320818.145250361,2.27483653525831,1512537.17294867,⚠️ At Risk
335,South,Sofia Mendez,Karen Lane,Sep,149400.0,193102.951667546,1.2925231035311,43702.9516675458,15,13,0.866666666666667,36,36,100,4,4,1.0,431814.703404317,2.23618903634237,1371508.07469132,✅ On Track
19,South,Sofia Mendez,Marcus Iyer,Apr,101520.0,92278.6878638095,0.908970526633269,-9241.31213619054,7,7,1.0,25,22,88,9,11,1.22222222222222,384682.615047644,4.16870486515134,425721.530479976,⚠️ At Risk
402,South,Sofia Mendez,Marcus Iyer,Aug,101520.0,128385.535164489,1.26463293109229,26865.5351644892,17,13,0.764705882352941,18,19,106,4,3,0.75,415806.926805132,3.23873656228013,926863.731243491,✅ On Track
38,South,Sofia Mendez,Marcus Iyer,Dec,114210.0,138553.740977539,1.21314894472935,24343.7409775387,13,10,0.769230769230769,19,15,79,10,10,1.0,579425.236919373,4.1819530301481,1432289.61563706,✅ On Track
152,South,Sofia Mendez,Marcus Iyer,Feb,88830.0,112822.611283367,1.27009581541559,23992.6112833672,6,7,1.16666666666667,24,28,117,7,7,1.0,245433.183248614,2.17539002560559,208867.169644883,✅ On Track
401,South,Sofia Mendez,Marcus Iyer,Jan,88830.0,96044.5583615158,1.08121758821925,7214.55836151575,8,6,0.75,31,27,87,3,3,1.0,245595.648153198,2.55710112413413,96044.5583615158,✅ On Track
272,South,Sofia Mendez,Marcus Iyer,Jul,101520.0,97468.8702683098,0.960095254809987,-4051.12973169018,9,9,1.0,37,26,70,6,5,0.833333333333333,351522.48133748,3.6065102670198,798478.196079002,✅ On Track
153,South,Sofia Mendez,Marcus Iyer,Jun,114210.0,136203.970448169,1.19257482224122,21993.9704481693,6,6,1.0,15,18,120,6,7,1.16666666666667,574875.736041028,4.22069734200436,701009.325810692,✅ On Track
205,South,Sofia Mendez,Marcus Iyer,Mar,101520.0,124575.672971284,1.2271047376998,23055.6729712838,15,16,1.06666666666667,29,27,93,5,6,1.2,491306.161395013,3.9438371046028,333442.842616167,✅ On Track
206,South,Sofia Mendez,Marcus Iyer,May,114210.0,139083.824882547,1.2177902537654,24873.8248825466,6,6,1.0,26,27,104,8,6,0.75,371958.647596038,2.67434870956526,564805.355362523,✅ On Track
20,South,Sofia Mendez,Marcus Iyer,Nov,114210.0,114267.840461561,1.00050643955486,57.8404615610489,9,11,1.22222222222222,37,43,116,9,11,1.22222222222222,392057.347786628,3.43103839368097,1293735.87465952,✅ On Track
451,South,Sofia Mendez,Marcus Iyer,Oct,114210.0,116426.487825023,1.01940712568972,2216.48782502314,13,10,0.769230769230769,38,39,103,4,2,0.5,287206.67729896,2.46684996399275,1179468.03419796,✅ On Track
450,South,Sofia Mendez,Marcus Iyer,Sep,114210.0,136177.815129444,1.19234581148274,21967.8151294439,8,6,0.75,25,31,124,4,2,0.5,270306.599189689,1.98495326814246,1063041.54637294,✅ On Track
336,South,Sofia Mendez,Uma Quinn,Apr,67520.0,72307.4077018177,1.07090355008616,4787.40770181768,11,13,1.18181818181818,12,14,117,4,4,1.0,248439.038023085,3.43587256021681,249980.251571177,✅ On Track
22,South,Sofia Mendez,Uma Quinn,Aug,67520.0,64628.9989635962,0.957183041522456,-2891.0010364038,11,9,0.818181818181818,35,45,129,9,11,1.22222222222222,283090.377109026,4.38023768971702,524052.685327453,✅ On Track
209,South,Sofia Mendez,Uma Quinn,Dec,75960.0,74447.3757567835,0.980086568678034,-1512.62424321652,6,4,0.666666666666667,22,22,100,6,6,1.0,182535.386373005,2.45187133216542,811075.722042022,✅ On Track
113,South,Sofia Mendez,Uma Quinn,Feb,59080.0,57354.2343906897,0.970789343105784,-1725.76560931029,17,20,1.17647058823529,22,15,68,9,8,0.888888888888889,213211.651936827,3.71745267288299,122993.694909767,✅ On Track
10,South,Sofia Mendez,Uma Quinn,Jan,59080.0,65639.4605190772,1.11102675218479,6559.46051907716,11,11,1.0,18,14,78,9,12,1.33333333333333,155317.696322582,2.36622444935301,65639.4605190772,✅ On Track
155,South,Sofia Mendez,Uma Quinn,Jul,67520.0,62012.6281564931,0.918433473881711,-5507.37184350686,18,16,0.888888888888889,27,33,122,6,7,1.16666666666667,228568.666234392,3.68584065906033,459423.686363856,⚠️ At Risk
154,South,Sofia Mendez,Uma Quinn,Jun,75960.0,63299.4842536108,0.833326543623102,-12660.5157463892,13,16,1.23076923076923,25,19,76,9,7,0.777777777777778,166651.361069807,2.63274437437933,397411.058207363,⚠️ At Risk
72,South,Sofia Mendez,Uma Quinn,Mar,67520.0,54679.1489595927,0.809821518951313,-12840.8510404074,9,10,1.11111111111111,19,22,116,7,9,1.28571428571429,132938.112434563,2.43123960346937,177672.84386936,⚠️ At Risk
277,South,Sofia Mendez,Uma Quinn,May,75960.0,84131.3223825752,1.10757401767477,8171.32238257522,16,15,0.9375,19,19,100,4,5,1.25,313775.553106345,3.72959254912807,334111.573953752,✅ On Track
41,South,Sofia Mendez,Uma Quinn,Nov,75960.0,86288.4208262966,1.13597183815556,10328.4208262966,15,15,1.0,13,9,69,10,10,1.0,314818.320568441,3.64844225394028,736628.346285239,✅ On Track
405,South,Sofia Mendez,Uma Quinn,Oct,75960.0,57064.1474296915,0.75123943430347,-18895.8525703085,12,13,1.08333333333333,18,21,117,4,3,0.75,162924.881168362,2.85511811718735,650339.925458942,🔴 Off Track
278,South,Sofia Mendez,Uma Quinn,Sep,75960.0,69223.0927017983,0.911309803867803,-6736.9072982017,10,9,0.9,21,19,90,7,5,0.714285714285714,142661.680904345,2.06089724304731,593275.778029251,⚠️ At Risk
225,West,Lauren Kim,Clara Moore,Apr,87520.0,79999.7042689121,0.91407340343821,-7520.29573108786,13,12,0.923076923076923,34,39,115,7,6,0.857142857142857,327432.96406122,4.09292718083784,303947.901640174,⚠️ At Risk
26,West,Lauren Kim,Clara Moore,Aug,87520.0,76016.5706449185,0.868562278849617,-11503.4293550815,17,14,0.823529411764706,36,27,75,8,11,1.375,167969.627163016,2.20964489371167,616014.192597755,⚠️ At Risk
463,West,Lauren Kim,Clara Moore,Dec,98460.0,88416.5149651181,0.897994261274813,-10043.485034882,9,9,1.0,15,10,67,3,2,0.666666666666667,277345.550711155,3.13680708655587,944540.094531973,⚠️ At Risk
83,West,Lauren Kim,Clara Moore,Feb,76580.0,70533.1199503656,0.921038390576725,-6046.88004963438,14,16,1.14285714285714,15,15,100,7,9,1.28571428571429,206472.531597369,2.92731317915136,141401.012422341,⚠️ At Risk
24,West,Lauren Kim,Clara Moore,Jan,76580.0,70867.8924719749,0.925409930425371,-5712.10752802511,16,12,0.75,32,41,128,9,11,1.22222222222222,305254.960966748,4.30738025809731,70867.8924719749,⚠️ At Risk
25,West,Lauren Kim,Clara Moore,Jul,87520.0,74840.6660321627,0.855126440038422,-12679.3339678373,17,22,1.29411764705882,32,32,100,9,11,1.22222222222222,138292.741674478,1.84782884768886,539997.621952837,⚠️ At Risk
226,West,Lauren Kim,Clara Moore,Jun,98460.0,90821.3223561533,0.922418467968244,-7638.67764384672,12,9,0.75,37,27,73,9,6,0.666666666666667,165676.99823211,1.82420816977771,465156.955920674,⚠️ At Risk
462,West,Lauren Kim,Clara Moore,Mar,87520.0,82547.1849489215,0.943180815229907,-4972.81505107851,16,14,0.875,33,41,124,3,2,0.666666666666667,321586.333219865,3.89578800802057,223948.197371262,⚠️ At Risk
297,West,Lauren Kim,Clara Moore,May,98460.0,70387.7319243466,0.71488657245934,-28072.2680756534,14,12,0.857142857142857,35,42,120,8,5,0.625,132585.329890236,1.88364259318286,374335.633564521,🔴 Off Track
47,West,Lauren Kim,Clara Moore,Nov,98460.0,89655.4785432115,0.910577681730769,-8804.52145678853,11,13,1.18181818181818,31,30,97,8,10,1.25,162112.674576944,1.80817365777385,856123.579566855,⚠️ At Risk
227,West,Lauren Kim,Clara Moore,Oct,98460.0,80000.223545496,0.812514965930286,-18459.776454504,12,10,0.833333333333333,38,39,103,5,6,1.2,291741.114769747,3.64675374442965,766468.101023644,⚠️ At Risk
298,West,Lauren Kim,Clara Moore,Sep,98460.0,70453.6848803925,0.715556417635512,-28006.3151196075,14,16,1.14285714285714,32,40,125,7,5,0.714285714285714,162741.369665618,2.30990571950778,686467.877478148,🔴 Off Track
124,West,Lauren Kim,Fiona Hill,Apr,98640.0,119294.378230424,1.20939150679667,20654.3782304239,17,14,0.823529411764706,22,23,105,8,8,1.0,294282.433049139,2.46685918829063,454272.170218785,✅ On Track
421,West,Lauren Kim,Fiona Hill,Aug,98640.0,94628.2438762829,0.959329317480565,-4011.75612371712,17,15,0.882352941176471,28,23,82,4,3,0.75,291996.66759573,3.0857242577331,914945.596836766,✅ On Track
471,West,Lauren Kim,Fiona Hill,Dec,110970.0,139131.727732429,1.25377784745813,28161.7277324288,14,13,0.928571428571429,23,23,100,4,2,0.5,549909.013452122,3.95243430391147,1450092.25235326,✅ On Track
123,West,Lauren Kim,Fiona Hill,Feb,86310.0,83602.2906377247,0.968628092199336,-2707.70936227527,7,6,0.857142857142857,19,18,95,9,8,0.888888888888889,226635.305901953,2.71087435730721,201795.122759293,✅ On Track
50,West,Lauren Kim,Fiona Hill,Jan,86310.0,118192.832121569,1.36939905134479,31882.8321215686,10,11,1.1,19,23,121,9,10,1.11111111111111,282520.675902405,2.39033679818938,118192.832121569,✅ On Track
469,West,Lauren Kim,Fiona Hill,Jul,98640.0,127998.076056999,1.29762850828264,29358.0760569993,12,13,1.08333333333333,28,30,107,4,2,0.5,489802.126223002,3.826636628545,820317.352960483,✅ On Track
171,West,Lauren Kim,Fiona Hill,Jun,110970.0,119887.449132275,1.08035909824524,8917.44913227465,7,5,0.714285714285714,26,24,92,7,7,1.0,255381.864341078,2.13018014971116,692319.276903484,✅ On Track
468,West,Lauren Kim,Fiona Hill,Mar,98640.0,133182.669229068,1.35018926631253,34542.6692290679,18,21,1.16666666666667,27,19,70,3,2,0.666666666666667,555445.98368517,4.17055752749503,334977.791988361,✅ On Track
420,West,Lauren Kim,Fiona Hill,May,110970.0,118159.657552424,1.06478920025614,7189.65755242402,12,10,0.833333333333333,30,26,87,5,3,0.6,307992.812832093,2.60658179967597,572431.827771209,✅ On Track
304,West,Lauren Kim,Fiona Hill,Nov,110970.0,126924.667530955,1.14377460152253,15954.6675309548,13,13,1.0,24,22,92,7,5,0.714285714285714,442389.464259934,3.48544906885057,1310960.52462084,✅ On Track
470,West,Lauren Kim,Fiona Hill,Oct,110970.0,136675.124747661,1.23164030591746,25705.1247476608,15,19,1.26666666666667,31,38,123,3,2,0.666666666666667,397246.755162472,2.90650369550346,1184035.85708988,✅ On Track
303,West,Lauren Kim,Fiona Hill,Sep,110970.0,132415.135505454,1.1932516491435,21445.1355054539,17,13,0.764705882352941,30,22,73,6,5,0.833333333333333,448365.372188277,3.38605832691845,1047360.73234222,✅ On Track
125,West,Lauren Kim,Lara Dixon,Apr,85840.0,112375.036041896,1.30912204149459,26535.0360418958,15,12,0.8,27,19,70,7,8,1.14285714285714,353154.258069352,3.14263977577448,371210.668087603,✅ On Track
472,West,Lauren Kim,Lara Dixon,Aug,85840.0,106336.371420705,1.23877413118249,20496.3714207045,9,8,0.888888888888889,20,15,75,3,2,0.666666666666667,404508.389268864,3.80404544432389,813015.64420436,✅ On Track
306,West,Lauren Kim,Lara Dixon,Dec,96570.0,119278.707798713,1.23515281970294,22708.7077987131,16,14,0.875,25,22,88,7,5,0.714285714285714,298335.801801843,2.50116560874632,1243787.98861469,✅ On Track
87,West,Lauren Kim,Lara Dixon,Feb,75110.0,70115.2922588655,0.933501428023772,-4994.70774113447,12,13,1.08333333333333,32,34,106,10,9,0.9,137934.755702986,1.96725637531012,152990.799303944,⚠️ At Risk
422,West,Lauren Kim,Lara Dixon,Jan,75110.0,82875.507045078,1.10338845753,7765.50704507796,8,9,1.125,29,33,114,4,3,0.75,203047.158600524,2.45002613969024,82875.507045078,✅ On Track
88,West,Lauren Kim,Lara Dixon,Jul,85840.0,116810.23587912,1.3607902595424,30970.23587912,10,9,0.9,17,18,106,7,9,1.28571428571429,480344.466924051,4.11217786959296,706679.272783656,✅ On Track
423,West,Lauren Kim,Lara Dixon,Jun,96570.0,101569.121055295,1.05176681221182,4999.12105529496,8,10,1.25,34,28,82,3,3,1.0,220310.451884444,2.16906919736468,589869.036904536,✅ On Track
172,West,Lauren Kim,Lara Dixon,Mar,85840.0,105844.832741764,1.23304791171673,20004.8327417638,17,14,0.823529411764706,35,46,131,9,7,0.777777777777778,401009.741440588,3.78865676342421,258835.632045707,✅ On Track
364,West,Lauren Kim,Lara Dixon,May,96570.0,117089.247761638,1.21248056085366,20519.2477616378,17,20,1.17647058823529,14,11,79,4,4,1.0,484935.122886927,4.14158543296925,488299.915849241,✅ On Track
126,West,Lauren Kim,Lara Dixon,Nov,96570.0,121943.106067359,1.26274315074411,25373.1060673589,18,16,0.888888888888889,34,43,126,8,8,1.0,341191.446873277,2.79795601306736,1124509.28081598,✅ On Track
51,West,Lauren Kim,Lara Dixon,Oct,96570.0,101920.386476567,1.05540422984951,5350.38647656681,9,7,0.777777777777778,17,14,82,8,10,1.25,313180.289115052,3.07279338257864,1002566.17474862,✅ On Track
305,West,Lauren Kim,Lara Dixon,Sep,96570.0,87630.1440676935,0.907426157892653,-8939.85593230654,14,13,0.928571428571429,34,39,115,7,5,0.714285714285714,377668.041263304,4.30979596440648,900645.788272054,⚠️ At Risk
54,West,Lauren Kim,Quinn Edwards,Apr,151840.0,112351.107390223,0.739930896932446,-39488.8926097774,16,14,0.875,37,33,89,8,10,1.25,356233.498458753,3.17071639731568,464602.194927067,🔴 Off Track
174,West,Lauren Kim,Quinn Edwards,Aug,151840.0,109936.878095025,0.724031072807065,-41903.1219049753,15,11,0.733333333333333,19,20,105,9,7,0.777777777777778,252798.236572298,2.29948531332489,978381.094822871,🔴 Off Track
27,West,Lauren Kim,Quinn Edwards,Dec,170820.0,164447.449935473,0.962694356254965,-6372.55006452688,10,10,1.0,16,20,125,9,11,1.22222222222222,301718.348233198,1.83474020637953,1563814.74913787,✅ On Track
426,West,Lauren Kim,Quinn Edwards,Feb,132860.0,130043.132785181,0.978798229603952,-2816.86721481889,8,6,0.75,20,25,125,3,3,1.0,362093.71797462,2.78441245008119,237260.280305912,✅ On Track
233,West,Lauren Kim,Quinn Edwards,Jan,132860.0,107217.147520731,0.806993433092965,-25642.8524792687,17,21,1.23529411764706,13,10,77,6,6,1.0,385302.937270072,3.59366898093955,107217.147520731,⚠️ At Risk
310,West,Lauren Kim,Quinn Edwards,Jul,151840.0,155504.260421768,1.02413237896317,3664.26042176804,8,8,1.0,33,39,118,5,5,1.0,574687.301690079,3.6956370206924,868444.216727846,✅ On Track
90,West,Lauren Kim,Quinn Edwards,Jun,170820.0,119594.705011873,0.700121209529754,-51225.2949881274,16,16,1.0,36,48,133,10,9,0.9,370506.065335146,3.09801395720959,712939.956306078,🔴 Off Track
53,West,Lauren Kim,Quinn Edwards,Mar,151840.0,114990.807230932,0.75731564298559,-36849.192769068,18,17,0.944444444444444,24,29,121,8,10,1.25,485834.786446585,4.22498805031344,352251.087536844,🔴 Off Track
309,West,Lauren Kim,Quinn Edwards,May,170820.0,128743.056367138,0.753676714478037,-42076.9436328617,13,14,1.07692307692308,23,20,87,7,5,0.714285714285714,438510.88600292,3.40609348866483,593345.251294205,🔴 Off Track
127,West,Lauren Kim,Quinn Edwards,Nov,170820.0,156210.930941397,0.914476823213894,-14609.0690586026,6,6,1.0,16,17,106,10,8,0.8,616404.963944398,3.94597842948418,1399367.2992024,⚠️ At Risk
366,West,Lauren Kim,Quinn Edwards,Oct,170820.0,147314.656890263,0.862397007904594,-23505.3431097373,12,12,1.0,16,12,75,5,4,0.8,613605.382590834,4.16527041873315,1243156.368261,⚠️ At Risk
234,West,Lauren Kim,Quinn Edwards,Sep,170820.0,117460.616547868,0.687628009295564,-53359.3834521318,15,15,1.0,37,36,97,5,6,1.2,217767.409896318,1.85396106624021,1095841.71137074,🔴 Off Track
354,West,Lauren Kim,Rachel Carter,Apr,172080.0,152653.699093952,0.887108897570616,-19426.3009060483,12,11,0.916666666666667,22,24,109,4,4,1.0,433453.892505629,2.83945882136048,550348.094309816,⚠️ At Risk
417,West,Lauren Kim,Rachel Carter,Aug,172080.0,153257.657331293,0.89061865022834,-18822.3426687072,13,13,1.0,16,18,112,3,3,1.0,597542.911459984,3.89894326890494,1211088.26606723,⚠️ At Risk
355,West,Lauren Kim,Rachel Carter,Dec,193590.0,166295.122362806,0.859006779083663,-27294.8776371937,7,8,1.14285714285714,28,20,71,4,4,1.0,491499.95778698,2.95558853923974,1930299.05113695,⚠️ At Risk
167,West,Lauren Kim,Rachel Carter,Feb,150570.0,113725.712122491,0.755301269326497,-36844.2878775093,8,7,0.875,22,20,91,7,7,1.0,299721.57735719,2.6354776924533,261751.682522242,🔴 Off Track
299,West,Lauren Kim,Rachel Carter,Jan,150570.0,148025.970399751,0.983104007436748,-2544.02960024885,10,7,0.7,30,36,120,7,5,0.714285714285714,587692.117207071,3.97019601101064,148025.970399751,✅ On Track
121,West,Lauren Kim,Rachel Carter,Jul,172080.0,171579.27701833,0.997090173281788,-500.722981669882,15,14,0.933333333333333,36,36,100,9,8,0.888888888888889,481816.821997853,2.80812945695289,1057830.60873594,✅ On Track
464,West,Lauren Kim,Rachel Carter,Jun,193590.0,157151.493727596,0.811774852665921,-36438.5062724045,13,11,0.846153846153846,33,31,94,3,2,0.666666666666667,388363.770412384,2.47126999050718,886251.331717605,⚠️ At Risk
353,West,Lauren Kim,Rachel Carter,Mar,172080.0,135942.712693622,0.78999716814053,-36137.2873063776,18,23,1.27777777777778,28,25,89,7,4,0.571428571428571,601891.028568832,4.42753433886029,397694.395215864,🔴 Off Track
168,West,Lauren Kim,Rachel Carter,May,193590.0,178751.743680194,0.923352154967683,-14838.2563198062,6,6,1.0,31,30,97,8,7,0.875,462667.094297313,2.58832213197917,729099.83799001,⚠️ At Risk
169,West,Lauren Kim,Rachel Carter,Nov,193590.0,177135.741918908,0.915004607257132,-16454.2580810917,15,12,0.8,34,39,115,9,7,0.777777777777778,433742.554072718,2.44864502993011,1764003.92877415,⚠️ At Risk
418,West,Lauren Kim,Rachel Carter,Oct,193590.0,174492.209293145,0.901349291250295,-19097.7907068554,10,11,1.1,25,26,104,3,3,1.0,629675.632127707,3.60861745448968,1586868.18685524,⚠️ At Risk
228,West,Lauren Kim,Rachel Carter,Sep,193590.0,201287.711494864,1.03976296035366,7697.71149486399,12,9,0.75,31,31,100,6,6,1.0,654458.13677538,3.25135663729814,1412375.97756209,✅ On Track
363,West,Lauren Kim,Victor Upton,Apr,103600.0,109495.868279693,1.05690992547966,5895.86827969294,14,16,1.14285714285714,35,29,83,4,4,1.0,367995.752758717,3.36081861845892,422208.567958266,✅ On Track
466,West,Lauren Kim,Victor Upton,Aug,103600.0,113922.182666225,1.0996349678207,10322.1826662247,8,8,1.0,26,20,77,3,2,0.666666666666667,493999.767409867,4.33629128101605,875842.06469667,✅ On Track
86,West,Lauren Kim,Victor Upton,Dec,116550.0,117106.093501797,1.0047712870167,556.093501796669,13,15,1.15384615384615,15,12,80,10,9,0.9,320819.150950023,2.73955984147914,1356522.41274,✅ On Track
85,West,Lauren Kim,Victor Upton,Feb,90650.0,103787.307020797,1.14492340894425,13137.3070207965,11,13,1.18181818181818,17,19,112,10,9,0.9,216482.793838215,2.08583111029981,193154.491938854,✅ On Track
362,West,Lauren Kim,Victor Upton,Jan,90650.0,89367.1849180578,0.985848702901906,-1282.8150819422,10,12,1.2,15,13,87,4,4,1.0,315622.958960615,3.53175451649299,89367.1849180578,✅ On Track
49,West,Lauren Kim,Victor Upton,Jul,103600.0,109563.116261596,1.0575590372741,5963.11626159621,18,20,1.11111111111111,32,37,116,10,10,1.0,306073.091445415,2.79357781969825,761919.882030445,✅ On Track
229,West,Lauren Kim,Victor Upton,Jun,116550.0,105622.487938266,0.906241852752172,-10927.5120617344,6,6,1.0,25,30,120,10,6,0.6,335746.269464968,3.17873850558421,652356.765768849,⚠️ At Risk
122,West,Lauren Kim,Victor Upton,Mar,103600.0,119558.207739719,1.15403675424439,15958.2077397187,15,14,0.933333333333333,17,18,106,9,8,0.888888888888889,309022.826216712,2.58470607797553,312712.699678573,✅ On Track
302,West,Lauren Kim,Victor Upton,May,116550.0,124525.709872317,1.06843165913614,7975.70987231738,7,5,0.714285714285714,25,29,116,5,5,1.0,329606.199206958,2.64689275447552,546734.277830583,✅ On Track
230,West,Lauren Kim,Victor Upton,Nov,116550.0,116366.748226998,0.998427698215343,-183.25177300183,15,14,0.933333333333333,20,18,90,6,6,1.0,406807.023427128,3.49590436808945,1239416.3192382,✅ On Track
170,West,Lauren Kim,Victor Upton,Oct,116550.0,117021.593351128,1.00404627499896,471.593351128337,15,19,1.26666666666667,37,45,122,8,7,0.875,350283.072938529,2.99331997546376,1123049.5710112,✅ On Track
467,West,Lauren Kim,Victor Upton,Sep,116550.0,130185.912963402,1.11699625022224,13635.9129634022,10,11,1.1,30,28,93,3,2,0.666666666666667,481885.680248616,3.70151938316155,1006027.97766007,✅ On Track
465,West,Lauren Kim,Wendy Perry,Apr,81520.0,91450.8944096714,1.12182157028547,9930.89440967138,14,14,1.0,21,22,105,3,2,0.666666666666667,374931.426153816,4.09981147340386,348131.265613984,✅ On Track
84,West,Lauren Kim,Wendy Perry,Aug,81520.0,71190.0118373916,0.873282775237876,-10329.9881626084,14,11,0.785714285714286,36,32,89,8,9,1.125,154256.529202921,2.16682825612202,671911.218723559,⚠️ At Risk
361,West,Lauren Kim,Wendy Perry,Dec,91710.0,93629.5313665641,1.0209304477872,1919.53136656406,8,9,1.125,36,41,114,3,4,1.33333333333333,378105.031563379,4.03830955943889,1086439.26434641,✅ On Track
48,West,Lauren Kim,Wendy Perry,Feb,71330.0,84187.7308898642,1.1802569871003,12857.7308898642,14,11,0.785714285714286,34,30,88,9,10,1.11111111111111,242576.277102025,2.88137326589034,156791.587572575,✅ On Track
356,West,Lauren Kim,Wendy Perry,Jan,71330.0,72603.8566827105,1.01785863847905,1273.85668271052,10,12,1.2,37,46,124,4,4,1.0,197118.41648325,2.71498547721351,72603.8566827105,✅ On Track
358,West,Lauren Kim,Wendy Perry,Jul,81520.0,72455.9968907785,0.888812523194044,-9064.00310922152,9,11,1.22222222222222,22,24,109,5,4,0.8,274043.827424094,3.78221043369527,600721.206886167,⚠️ At Risk
300,West,Lauren Kim,Wendy Perry,Jun,91710.0,100932.172991813,1.10055798704408,9222.17299181265,18,20,1.11111111111111,34,43,126,7,5,0.714285714285714,214203.46609513,2.12225160467422,528265.209995389,✅ On Track
419,West,Lauren Kim,Wendy Perry,Mar,81520.0,99888.7836317375,1.22532855289177,18368.7836317375,13,13,1.0,29,28,97,4,3,0.75,435371.20264191,4.3585594579568,256680.371204312,✅ On Track
357,West,Lauren Kim,Wendy Perry,May,91710.0,79201.7713895926,0.863611071743458,-12508.2286104074,9,8,0.888888888888889,13,12,92,5,4,0.8,277152.323305227,3.49931975563928,427333.037003576,⚠️ At Risk
301,West,Lauren Kim,Wendy Perry,Nov,91710.0,118567.280389769,1.29285007512561,26857.2803897692,7,6,0.857142857142857,21,16,76,8,5,0.625,482200.609049652,4.06689440345179,992809.732979841,✅ On Track
360,West,Lauren Kim,Wendy Perry,Oct,91710.0,112947.314753727,1.23157032770392,21237.3147537265,8,7,0.875,38,34,89,7,4,0.571428571428571,345944.597668579,3.06288465930231,874242.452590072,✅ On Track
359,West,Lauren Kim,Wendy Perry,Sep,91710.0,89383.9191127862,0.974636562128298,-2326.08088721382,15,13,0.866666666666667,15,14,93,7,4,0.571428571428571,283899.912145886,3.1761855484056,761295.137836345,✅ On Track
473,West,Lauren Kim,Xander Reed,Apr,92240.0,100371.615352364,1.08815714822598,8131.61535236392,14,17,1.21428571428571,27,34,126,4,2,0.5,395362.780502734,3.93898991377966,357296.401396285,✅ On Track
173,West,Lauren Kim,Xander Reed,Aug,92240.0,81621.5527497925,0.884882401884134,-10618.4472502075,9,6,0.666666666666667,23,19,83,9,7,0.777777777777778,267413.968479846,3.27626661673042,710545.686618444,⚠️ At Risk
365,West,Lauren Kim,Xander Reed,Dec,103770.0,123438.536592429,1.1895397185355,19668.5365924287,12,14,1.16666666666667,35,47,134,7,4,0.571428571428571,520502.461436142,4.2166933909363,1123389.17318682,✅ On Track
52,West,Lauren Kim,Xander Reed,Feb,80710.0,69099.0361109487,0.856139711447759,-11610.9638890514,13,16,1.23076923076923,12,12,100,8,10,1.25,221803.114754854,3.20993066240051,147968.720765209,⚠️ At Risk
307,West,Lauren Kim,Xander Reed,Jan,80710.0,78869.6846542599,0.977198422181389,-1840.31534574014,11,11,1.0,18,17,94,7,5,0.714285714285714,149268.981921581,1.89260274813992,78869.6846542599,✅ On Track
232,West,Lauren Kim,Xander Reed,Jul,92240.0,81587.432674792,0.884512496474328,-10652.567325208,14,15,1.07142857142857,31,29,94,10,6,0.6,351829.259411835,4.3122972236941,628924.133868651,⚠️ At Risk
425,West,Lauren Kim,Xander Reed,Jun,103770.0,89715.2340617099,0.864558485705983,-14054.7659382901,13,14,1.07692307692308,15,14,93,3,3,1.0,255085.57502382,2.8432804940169,547336.701193859,⚠️ At Risk
424,West,Lauren Kim,Xander Reed,Mar,92240.0,108956.065278712,1.18122360449601,16716.0652787122,8,7,0.875,20,25,125,5,3,0.6,336619.85240457,3.08950081432813,256924.786043921,✅ On Track
231,West,Lauren Kim,Xander Reed,May,103770.0,100325.065735864,0.96680221389481,-3444.93426413561,16,20,1.25,37,36,97,7,6,0.857142857142857,379945.169893103,3.78714100116736,457621.467132149,✅ On Track
474,West,Lauren Kim,Xander Reed,Nov,103770.0,92602.6182681089,0.892383331098669,-11167.3817318911,11,13,1.18181818181818,16,18,112,3,2,0.666666666666667,295816.064029903,3.19446760321007,999950.63659439,⚠️ At Risk
89,West,Lauren Kim,Xander Reed,Oct,103770.0,89897.5349747336,0.866315264283836,-13872.4650252664,14,15,1.07142857142857,21,27,129,7,9,1.28571428571429,202947.700723309,2.25754466771919,907348.018326281,⚠️ At Risk
308,West,Lauren Kim,Xander Reed,Sep,103770.0,106904.796733104,1.03020908483284,3134.79673310387,6,6,1.0,32,40,125,4,5,1.25,414575.311192021,3.87798605732389,817450.483351547,✅ On Track
